Date,Adj Close,Close,High,Low,Open,Volume
2021-01-04,341.5887451171875,368.7900085449219,375.45001220703125,364.82000732421875,375.30999755859375,110210800
2021-01-05,343.9412841796875,371.3299865722656,372.5,368.04998779296875,368.1000061035156,66426200
2021-01-06,345.9975891113281,373.54998779296875,376.9800109863281,369.1199951171875,369.7099914550781,107997700
2021-01-07,351.1383361816406,379.1000061035156,379.8999938964844,375.9100036621094,376.1000061035156,68766800
2021-01-08,353.1389465332031,381.260009765625,381.489990234375,377.1000061035156,380.5899963378906,71677200
2021-01-11,350.758544921875,378.69000244140625,380.5799865722656,377.7200012207031,377.8500061035156,51034700
2021-01-12,350.83258056640625,378.7699890136719,379.8599853515625,376.3599853515625,378.8900146484375,52547700
2021-01-13,351.77734375,379.7900085449219,380.8599853515625,377.8500061035156,378.69000244140625,45303600
2021-01-14,350.5455017089844,378.4599914550781,381.1300048828125,378.1000061035156,380.5899963378906,49989100
2021-01-15,347.9890441894531,375.70001220703125,377.5799865722656,373.70001220703125,376.7200012207031,107160000
2021-01-19,350.72149658203125,378.6499938964844,379.2300109863281,376.75,378.3399963378906,51233300
2021-01-20,355.5749206542969,383.8900146484375,384.7900085449219,380.69000244140625,381.1099853515625,61836100
2021-01-21,355.8992004394531,384.239990234375,384.95001220703125,383.25,384.489990234375,47840100
2021-01-22,354.63946533203125,382.8800048828125,384.1300048828125,381.8399963378906,382.25,52860500
2021-01-25,356.0381164550781,384.3900146484375,384.7699890136719,378.4599914550781,383.6700134277344,70402000
2021-01-26,355.4822692871094,383.7900085449219,385.8500061035156,383.5400085449219,385.4100036621094,42665300
2021-01-27,346.79425048828125,374.4100036621094,380.32000732421875,372.010009765625,380.2200012207031,123351100
2021-01-28,349.7767028808594,377.6300048828125,381.92999267578125,375.8900146484375,376.3599853515625,94198100
2021-01-29,342.77435302734375,370.07000732421875,376.6700134277344,368.2699890136719,375.6300048828125,126765100
2021-02-01,348.4798889160156,376.2300109863281,377.3399963378906,370.3800048828125,373.7200012207031,75817600
2021-02-02,353.40753173828125,381.54998779296875,383.2200012207031,376.32000732421875,379.6499938964844,64450700
2021-02-03,353.68536376953125,381.8500061035156,383.70001220703125,380.4800109863281,382.44000244140625,52427100
2021-02-04,357.705322265625,386.19000244140625,386.239990234375,381.9700012207031,382.9599914550781,47142600
2021-02-05,359.1131896972656,387.7099914550781,388.4700012207031,386.1400146484375,388.20001220703125,48669800
2021-02-08,361.70660400390625,390.510009765625,390.55999755859375,388.3500061035156,389.2699890136719,38365200
2021-02-09,361.46588134765625,390.25,390.8900146484375,389.1700134277344,389.6099853515625,35551100
2021-02-10,361.30841064453125,390.0799865722656,392.2799987792969,387.5,392.1199951171875,59154400
2021-02-11,361.8918762207031,390.7099914550781,391.69000244140625,388.1000061035156,391.239990234375,42913300
2021-02-12,363.6795349121094,392.6400146484375,392.8999938964844,389.7699890136719,389.8500061035156,50593300
2021-02-16,363.3646240234375,392.29998779296875,394.1700134277344,391.5299987792969,393.9599914550781,50972400
2021-02-17,363.44805908203125,392.3900146484375,392.6600036621094,389.3299865722656,390.4200134277344,52290600
2021-02-18,361.9012145996094,390.7200012207031,391.5199890136719,387.739990234375,389.5899963378906,59712800
2021-02-19,361.2620544433594,390.0299987792969,392.3800048828125,389.54998779296875,392.07000732421875,83241000
2021-02-22,358.4832763671875,387.0299987792969,389.6199951171875,386.739990234375,387.05999755859375,67414200
2021-02-23,358.9186096191406,387.5,388.95001220703125,380.20001220703125,384.6600036621094,107284100
2021-02-24,362.8736572265625,391.7699890136719,392.2300109863281,385.2699890136719,386.3299865722656,72433900
2021-02-25,354.1299743652344,382.3299865722656,391.8800048828125,380.7799987792969,390.4100036621094,146670500
2021-02-26,352.3053283691406,380.3599853515625,385.5799865722656,378.2300109863281,384.3500061035156,152701600
2021-03-01,360.8452453613281,389.5799865722656,390.9200134277344,380.57000732421875,385.5899963378906,105348800
2021-03-02,358.02947998046875,386.5400085449219,390.07000732421875,386.0,389.82000732421875,79595300
2021-03-03,353.2872314453125,381.4200134277344,386.8299865722656,381.30999755859375,385.7900085449219,119940200
2021-03-04,348.9152526855469,376.70001220703125,384.0,371.8800048828125,381.2200012207031,183433000
2021-03-05,355.3341369628906,383.6300048828125,384.760009765625,372.6400146484375,380.4599914550781,152039600
2021-03-08,353.5650634765625,381.7200012207031,387.67999267578125,381.4200134277344,384.6600036621094,123149200
2021-03-09,358.6130065917969,387.1700134277344,389.9100036621094,385.30999755859375,385.8500061035156,113633600
2021-03-10,360.8452453613281,389.5799865722656,391.3999938964844,388.1700134277344,389.69000244140625,109899400
2021-03-11,364.5038757324219,393.5299987792969,395.6499938964844,391.739990234375,392.2300109863281,86245000
2021-03-12,364.99481201171875,394.05999755859375,394.2099914550781,391.20001220703125,392.07000732421875,64653600
2021-03-15,367.1715087890625,396.4100036621094,396.69000244140625,392.0299987792969,394.3299865722656,73427200
2021-03-16,366.7083740234375,395.9100036621094,397.8299865722656,395.0799865722656,397.07000732421875,73722500
2021-03-17,367.95880126953125,397.260009765625,398.1199951171875,393.29998779296875,394.5299987792969,97959300
2021-03-18,362.6051330566406,391.4800109863281,396.7200012207031,390.75,394.4800109863281,115349100
2021-03-19,361.9342346191406,389.4800109863281,391.57000732421875,387.1499938964844,389.8800048828125,113624500
2021-03-22,364.82421875,392.5899963378906,394.07000732421875,389.9700012207031,390.0299987792969,73778600
2021-03-23,361.9527282714844,389.5,393.4599914550781,388.6600036621094,391.9100036621094,90686600
2021-03-24,360.1128234863281,387.5199890136719,392.75,387.4700012207031,391.0,97588600
2021-03-25,362.1385803222656,389.70001220703125,390.54998779296875,383.8999938964844,385.9800109863281,116128600
2021-03-26,367.9744873046875,395.9800109863281,396.4100036621094,390.2900085449219,390.92999267578125,114409100
2021-03-29,367.7886657714844,395.7799987792969,396.75,392.80999755859375,394.3999938964844,108107600
2021-03-30,366.8129577636719,394.7300109863281,395.45001220703125,393.0199890136719,394.4200134277344,76262200
2021-03-31,368.2997741699219,396.3299865722656,398.0,395.30999755859375,395.3399963378906,112734200
2021-04-01,372.277099609375,400.6099853515625,400.6700134277344,398.17999267578125,398.3999938964844,99682900
2021-04-05,377.62030029296875,406.3599853515625,406.94000244140625,403.3800048828125,403.4599914550781,91684800
2021-04-06,377.3973693847656,406.1199951171875,407.239990234375,405.3999938964844,405.760009765625,62021000
2021-04-07,377.8340759277344,406.5899963378906,406.9599914550781,405.45001220703125,405.94000244140625,55836300
2021-04-08,379.6275634765625,408.5199890136719,408.5799865722656,406.92999267578125,407.92999267578125,57863100
2021-04-09,382.38751220703125,411.489990234375,411.6700134277344,408.260009765625,408.3900146484375,61104600
2021-04-12,382.5269775390625,411.6400146484375,411.92999267578125,410.20001220703125,410.8500061035156,56704900
2021-04-13,383.6606140136719,412.8599853515625,413.5299987792969,411.1199951171875,411.5299987792969,56551000
2021-04-14,382.3503723144531,411.45001220703125,413.9599914550781,410.8699951171875,412.8299865722656,61659900
2021-04-15,386.4577331542969,415.8699951171875,416.1600036621094,413.69000244140625,413.739990234375,60229800
2021-04-16,387.74945068359375,417.260009765625,417.9100036621094,415.7300109863281,417.25,82037300
2021-04-19,385.84442138671875,415.2099914550781,416.739990234375,413.7900085449219,416.260009765625,78498500
2021-04-20,383.01947021484375,412.1700134277344,415.0899963378906,410.5899963378906,413.9100036621094,81851800
2021-04-21,386.6435852050781,416.07000732421875,416.2900085449219,411.3599853515625,411.510009765625,66793000
2021-04-22,383.11236572265625,412.2699890136719,416.7799987792969,411.1300048828125,415.8900146484375,97582800
2021-04-23,387.2662658691406,416.739990234375,418.25,412.7900085449219,412.8699951171875,73209200
2021-04-26,388.07470703125,417.6099853515625,418.2200012207031,416.80999755859375,417.44000244140625,52182400
2021-04-27,387.9911193847656,417.5199890136719,418.1400146484375,416.29998779296875,417.92999267578125,51303100
2021-04-28,387.8795471191406,417.3999938964844,419.010009765625,416.8999938964844,417.80999755859375,51238900
2021-04-29,390.3514099121094,420.05999755859375,420.7200012207031,416.44000244140625,420.32000732421875,78544300
2021-04-30,387.7866516113281,417.29998779296875,418.5400085449219,416.3399963378906,417.6300048828125,85527000
2021-05-03,388.6228942871094,418.20001220703125,419.8399963378906,417.6700134277344,419.42999267578125,68128300
2021-05-04,386.2254943847656,415.6199951171875,416.6000061035156,411.6700134277344,416.07000732421875,101591200
2021-05-05,386.3462829589844,415.75,417.6300048828125,415.1499938964844,417.3800048828125,60162200
2021-05-06,389.43145751953125,419.07000732421875,419.2099914550781,413.67999267578125,415.8299865722656,74321400
2021-05-07,392.2657165527344,422.1199951171875,422.82000732421875,419.1600036621094,419.8900146484375,67733800
2021-05-10,388.38134765625,417.94000244140625,422.739990234375,417.80999755859375,422.5,81852400
2021-05-11,384.91522216796875,414.2099914550781,415.2699890136719,410.05999755859375,413.1000061035156,116888000
2021-05-12,376.737548828125,405.4100036621094,412.5899963378906,404.0,411.2300109863281,134811000
2021-05-13,381.2631530761719,410.2799987792969,412.3500061035156,407.0199890136719,407.07000732421875,106394000
2021-05-14,387.11749267578125,416.5799865722656,417.489990234375,413.17999267578125,413.2099914550781,82201600
2021-05-17,386.1325988769531,415.5199890136719,416.3900146484375,413.3599853515625,415.3900146484375,65129200
2021-05-18,382.8056945800781,411.94000244140625,416.05999755859375,411.7699890136719,415.79998779296875,59810200
2021-05-19,381.8020935058594,410.8599853515625,411.04998779296875,405.3299865722656,406.9200134277344,106467100
2021-05-20,385.90948486328125,415.2799987792969,416.6300048828125,411.6700134277344,411.79998779296875,78022200
2021-05-21,385.5935974121094,414.94000244140625,418.20001220703125,414.45001220703125,416.8699951171875,76578700
2021-05-24,389.5243225097656,419.1700134277344,420.32000732421875,417.0799865722656,417.3399963378906,51376700
2021-05-25,388.66009521484375,418.239990234375,420.7099914550781,417.6199951171875,420.3299865722656,57451400
2021-05-26,389.43145751953125,419.07000732421875,419.6099853515625,417.760009765625,418.8699951171875,43088600
2021-05-27,389.6358947753906,419.2900085449219,420.7200012207031,418.989990234375,420.1700134277344,56707700
2021-05-28,390.33282470703125,420.0400085449219,421.25,419.7900085449219,420.9700012207031,58520200
2021-06-01,389.989013671875,419.6700134277344,422.7200012207031,419.20001220703125,422.57000732421875,54216600
2021-06-02,390.6023254394531,420.3299865722656,421.2300109863281,419.2900085449219,420.3699951171875,49097100
2021-06-03,389.152587890625,418.7699890136719,419.989990234375,416.2799987792969,417.8500061035156,58138800
2021-06-04,392.7117919921875,422.6000061035156,422.9200134277344,418.8399963378906,420.75,55938800
2021-06-07,392.3307800292969,422.19000244140625,422.7799987792969,421.19000244140625,422.5899963378906,51555000
2021-06-08,392.4144287109375,422.2799987792969,423.2099914550781,420.32000732421875,423.1099853515625,47134300
2021-06-09,391.8290100097656,421.6499938964844,423.260009765625,421.4100036621094,423.17999267578125,48436300
2021-06-10,393.6504211425781,423.6099853515625,424.6300048828125,421.54998779296875,422.9599914550781,51020100
2021-06-11,394.30084228515625,424.30999755859375,424.42999267578125,422.82000732421875,424.20001220703125,45570800
2021-06-14,395.1836853027344,425.260009765625,425.3699951171875,423.1000061035156,424.42999267578125,42358500
2021-06-15,394.45880126953125,424.4800109863281,425.4599914550781,423.5400085449219,425.4200134277344,51508500
2021-06-16,392.2564697265625,422.1099853515625,424.8699951171875,419.9200134277344,424.6300048828125,80386100
2021-06-17,392.1263732910156,421.9700012207031,423.0199890136719,419.32000732421875,421.6700134277344,90949700
2021-06-18,386.83636474609375,414.9200134277344,417.8299865722656,414.70001220703125,417.0899963378906,118676300
2021-06-21,392.37432861328125,420.8599853515625,421.05999755859375,415.92999267578125,416.79998779296875,72822000
2021-06-22,394.47210693359375,423.1099853515625,424.0,420.0799865722656,420.8500061035156,57700300
2021-06-23,393.9966125488281,422.6000061035156,424.04998779296875,422.510009765625,423.19000244140625,49445400
2021-06-24,396.3273620605469,425.1000061035156,425.54998779296875,424.6199951171875,424.8900146484375,45110300
2021-06-25,397.735107421875,426.6099853515625,427.0899963378906,425.54998779296875,425.8999938964844,58129500
2021-06-28,398.5368957519531,427.4700012207031,427.6499938964844,425.8900146484375,427.1700134277344,53159600
2021-06-29,398.75140380859375,427.70001220703125,428.55999755859375,427.1300048828125,427.8800048828125,35970500
2021-06-30,399.0870666503906,428.05999755859375,428.7799987792969,427.17999267578125,427.2099914550781,64827900
2021-07-01,401.2966003417969,430.42999267578125,430.6000061035156,428.79998779296875,428.8699951171875,53441000
2021-07-02,404.3639221191406,433.7200012207031,434.1000061035156,430.5199890136719,431.6700134277344,57697700
2021-07-06,403.6274108886719,432.92999267578125,434.010009765625,430.010009765625,433.7799987792969,68710400
2021-07-07,405.0538024902344,434.4599914550781,434.760009765625,431.510009765625,433.6600036621094,63549500
2021-07-08,401.7533874511719,430.9200134277344,431.7300109863281,427.5199890136719,428.7799987792969,97595200
2021-07-09,406.0421447753906,435.5199890136719,435.8399963378906,430.7099914550781,432.5299987792969,76238600
2021-07-12,407.49639892578125,437.0799865722656,437.3500061035156,434.9700012207031,435.42999267578125,52889600
2021-07-13,406.1073303222656,435.5899963378906,437.8399963378906,435.30999755859375,436.239990234375,52911300
2021-07-14,406.71337890625,436.239990234375,437.9200134277344,434.9100036621094,437.3999938964844,64130400
2021-07-15,405.3241882324219,434.75,435.5299987792969,432.7200012207031,434.80999755859375,55126400
2021-07-16,402.14508056640625,431.3399963378906,436.05999755859375,430.9200134277344,436.010009765625,75874700
2021-07-19,396.2062072753906,424.9700012207031,431.4100036621094,421.9700012207031,426.19000244140625,147987000
2021-07-20,401.8840026855469,431.05999755859375,432.4200134277344,424.8299865722656,425.67999267578125,99608200
2021-07-21,405.13775634765625,434.54998779296875,434.70001220703125,431.010009765625,432.3399963378906,64724400
2021-07-22,405.9862060546875,435.4599914550781,435.7200012207031,433.69000244140625,434.739990234375,47878500
2021-07-23,410.1629333496094,439.94000244140625,440.29998779296875,436.7900085449219,437.5199890136719,63766600
2021-07-26,411.1698303222656,441.0199890136719,441.0299987792969,439.260009765625,439.30999755859375,43719200
2021-07-27,409.2959289550781,439.010009765625,439.94000244140625,435.989990234375,439.9100036621094,67397100
2021-07-28,409.1280822753906,438.8299865722656,440.29998779296875,437.30999755859375,439.67999267578125,52472400
2021-07-29,410.82489013671875,440.6499938964844,441.79998779296875,439.80999755859375,439.82000732421875,47435300
2021-07-30,408.8297119140625,438.510009765625,440.05999755859375,437.7699890136719,437.9100036621094,68951200
2021-08-02,407.97198486328125,437.5899963378906,440.92999267578125,437.2099914550781,440.3399963378906,58783300
2021-08-03,411.2910461425781,441.1499938964844,441.2799987792969,436.1000061035156,438.44000244140625,58053900
2021-08-04,409.2679138183594,438.9800109863281,441.1199951171875,438.7300109863281,439.7799987792969,46732200
2021-08-05,411.85980224609375,441.760009765625,441.8500061035156,439.8800048828125,440.2200012207031,38969700
2021-08-06,412.5402526855469,442.489990234375,442.94000244140625,441.79998779296875,442.1000061035156,46930000
2021-08-09,412.2046813964844,442.1300048828125,442.79998779296875,441.30999755859375,442.4599914550781,41222600
2021-08-10,412.71746826171875,442.67999267578125,443.44000244140625,441.8800048828125,442.6099853515625,43339300
2021-08-11,413.74298095703125,443.7799987792969,443.8800048828125,442.6199951171875,443.82000732421875,44034300
2021-08-12,414.9830322265625,445.1099853515625,445.260009765625,442.6600036621094,443.6199951171875,38909400
2021-08-13,415.7382507324219,445.9200134277344,445.94000244140625,445.07000732421875,445.5899963378906,39470300
2021-08-16,416.7170715332031,446.9700012207031,447.1099853515625,442.8699951171875,444.5299987792969,73740000
2021-08-17,413.9854736328125,444.0400085449219,444.9599914550781,440.8500061035156,444.239990234375,92673900
2021-08-18,409.454345703125,439.17999267578125,444.6300048828125,438.9200134277344,442.9599914550781,89351900
2021-08-19,410.0882873535156,439.8599853515625,441.1400146484375,436.1199951171875,436.2699890136719,92812200
2021-08-20,413.3514099121094,443.3599853515625,443.7099914550781,439.7099914550781,440.2300109863281,72008700
2021-08-23,416.9875793457031,447.260009765625,448.2300109863281,443.44000244140625,445.1600036621094,54973000
2021-08-24,417.6494445800781,447.9700012207031,448.5400085449219,447.4200134277344,447.9700012207031,38744700
2021-08-25,418.5258483886719,448.9100036621094,449.4599914550781,447.7699890136719,448.1700134277344,40529700
2021-08-26,416.0552062988281,446.260009765625,448.8599853515625,446.1600036621094,448.6099853515625,57829600
2021-08-27,419.775146484375,450.25,450.6499938964844,447.05999755859375,447.1199951171875,77235100
2021-08-30,421.6211242675781,452.2300109863281,453.07000732421875,450.7099914550781,450.9700012207031,48357400
2021-08-31,420.9964904785156,451.55999755859375,452.489990234375,450.9200134277344,452.1300048828125,59300200
2021-09-01,421.2201843261719,451.79998779296875,453.1099853515625,451.54998779296875,452.55999755859375,48721400
2021-09-02,422.5160827636719,453.19000244140625,454.04998779296875,451.9100036621094,453.32000732421875,42501000
2021-09-03,422.41351318359375,453.0799865722656,453.6300048828125,451.54998779296875,451.9800109863281,47170500
2021-09-07,420.9031677246094,451.4599914550781,452.80999755859375,450.739990234375,452.7099914550781,51671500
2021-09-08,420.3904724121094,450.9100036621094,451.6700134277344,448.8599853515625,450.8900146484375,56181900
2021-09-09,418.5910339355469,448.9800109863281,452.57000732421875,448.7200012207031,450.70001220703125,57970400
2021-09-10,415.2907409667969,445.44000244140625,451.489990234375,445.30999755859375,451.0400085449219,89948200
2021-09-13,416.3535461425781,446.5799865722656,448.9200134277344,444.1099853515625,448.6400146484375,83738600
2021-09-14,414.10662841796875,444.1700134277344,448.3399963378906,443.2200012207031,448.1199951171875,78197100
2021-09-15,417.5655517578125,447.8800048828125,448.4100036621094,443.44000244140625,444.6199951171875,78792200
2021-09-16,416.9035949707031,447.1700134277344,448.3599853515625,444.0199890136719,447.32000732421875,77786700
2021-09-17,412.8424377441406,441.3999938964844,445.3699951171875,441.0199890136719,444.9200134277344,118425000
2021-09-20,405.9586486816406,434.0400085449219,436.55999755859375,428.8599853515625,434.8800048828125,166445500
2021-09-21,405.57525634765625,433.6300048828125,437.9100036621094,433.07000732421875,436.5299987792969,92526100
2021-09-22,409.53155517578125,437.8599853515625,440.0299987792969,433.75,436.04998779296875,102350100
2021-09-23,414.5072326660156,443.17999267578125,444.8900146484375,439.6000061035156,439.8500061035156,76396000
2021-09-24,415.19012451171875,443.9100036621094,444.6700134277344,441.2099914550781,441.44000244140625,62094800
2021-09-27,414.0023193359375,442.6400146484375,444.04998779296875,441.8999938964844,442.80999755859375,61371100
2021-09-28,405.65936279296875,433.7200012207031,440.0400085449219,432.94000244140625,439.69000244140625,130436300
2021-09-29,406.3421325683594,434.45001220703125,437.0400085449219,433.8500061035156,435.19000244140625,82329200
2021-09-30,401.37567138671875,429.1400146484375,436.7699890136719,428.7799987792969,436.0199890136719,140506000
2021-10-01,406.1457824707031,434.239990234375,436.0299987792969,427.2300109863281,430.9800109863281,129240100
2021-10-04,400.9080505371094,428.6400146484375,433.9599914550781,426.3599853515625,433.0,128570000
2021-10-05,405.0794677734375,433.1000061035156,435.489990234375,429.3900146484375,430.239990234375,90682500
2021-10-06,406.7630310058594,434.8999938964844,435.1199951171875,427.5400085449219,429.2699890136719,113032200
2021-10-07,410.2798156738281,438.6600036621094,441.67999267578125,438.20001220703125,438.3900146484375,72437500
2021-10-08,409.53155517578125,437.8599853515625,439.8900146484375,437.19000244140625,439.4800109863281,74557400
2021-10-11,406.5665588378906,434.69000244140625,440.260009765625,434.6199951171875,437.1600036621094,65233300
2021-10-12,405.5658264160156,433.6199951171875,436.1000061035156,432.7799987792969,435.6700134277344,71181200
2021-10-13,407.0249328613281,435.17999267578125,436.04998779296875,431.5400085449219,434.7099914550781,72974000
2021-10-14,413.8713684082031,442.5,442.6600036621094,438.5799865722656,439.0799865722656,70236800
2021-10-15,417.02325439453125,445.8699951171875,446.260009765625,444.0899963378906,444.75,66260200
2021-10-18,418.2579040527344,447.19000244140625,447.54998779296875,443.2699890136719,443.9700012207031,62213200
2021-10-19,421.4847106933594,450.6400146484375,450.7099914550781,448.2699890136719,448.9200134277344,46996800
2021-10-20,423.14019775390625,452.4100036621094,452.7300109863281,451.010009765625,451.1300048828125,49571600
2021-10-21,424.2438049316406,453.5899963378906,453.8299865722656,451.30999755859375,451.7699890136719,41305400
2021-10-22,423.8042297363281,453.1199951171875,454.6700134277344,451.04998779296875,453.1300048828125,58845100
2021-10-25,426.0769958496094,455.54998779296875,455.8999938964844,452.3900146484375,454.2799987792969,45214500
2021-10-26,426.4604797363281,455.9599914550781,458.489990234375,455.55999755859375,457.20001220703125,56075100
2021-10-27,424.5711975097656,453.94000244140625,457.1600036621094,453.8599853515625,456.45001220703125,72438000
2021-10-28,428.6678466796875,458.32000732421875,458.3999938964844,455.45001220703125,455.4599914550781,51437900
2021-10-29,429.53765869140625,459.25,459.55999755859375,455.55999755859375,455.8699951171875,70162400
2021-11-01,430.2765808105469,460.0400085449219,460.70001220703125,458.20001220703125,460.29998779296875,48433600
2021-11-02,432.0162353515625,461.8999938964844,462.2300109863281,460.0799865722656,460.2200012207031,48908400
2021-11-03,434.6537780761719,464.7200012207031,465.1499938964844,460.8299865722656,461.29998779296875,52509800
2021-11-04,436.7020568847656,466.9100036621094,467.0,464.989990234375,465.3599853515625,52847100
2021-11-05,438.2173156738281,468.5299987792969,470.6499938964844,466.9200134277344,469.2799987792969,66390600
2021-11-08,438.59136962890625,468.92999267578125,470.2300109863281,468.20001220703125,469.70001220703125,50405200
2021-11-09,437.1417236328125,467.3800048828125,469.57000732421875,465.8800048828125,469.32000732421875,51149100
2021-11-10,433.6248779296875,463.6199951171875,467.3800048828125,462.0400085449219,465.5799865722656,69429700
2021-11-11,433.76519775390625,463.7699890136719,465.2900085449219,463.75,465.2099914550781,34848500
2021-11-12,437.0386962890625,467.2699890136719,467.8599853515625,464.1099853515625,465.1199951171875,53466700
2021-11-15,437.18841552734375,467.42999267578125,468.80999755859375,466.2300109863281,468.6400146484375,46980500
2021-11-16,438.91876220703125,469.2799987792969,470.489990234375,467.07000732421875,467.1499938964844,48857500
2021-11-17,437.85260009765625,468.1400146484375,469.19000244140625,467.4800109863281,469.0,47858300
2021-11-18,439.33966064453125,469.7300109863281,470.010009765625,466.3399963378906,469.239990234375,50625600
2021-11-19,438.5539855957031,468.8900146484375,470.94000244140625,468.5,469.6099853515625,57315600
2021-11-22,437.3193359375,467.57000732421875,473.5400085449219,467.3500061035156,470.8900146484375,72762000
2021-11-23,437.8992919921875,468.19000244140625,469.1000061035156,464.45001220703125,467.2200012207031,73206500
2021-11-24,439.0683898925781,469.44000244140625,469.57000732421875,465.19000244140625,466.05999755859375,61858800
2021-11-26,429.2757263183594,458.9700012207031,463.8999938964844,457.7699890136719,462.3399963378906,112669600
2021-11-29,434.54156494140625,464.6000061035156,466.55999755859375,461.7300109863281,464.07000732421875,86268800
2021-11-30,426.08636474609375,455.55999755859375,464.0299987792969,455.29998779296875,462.0,148559600
2021-12-01,421.3537292480469,450.5,464.6700134277344,450.2900085449219,461.6400146484375,131939200
2021-12-02,427.8074035644531,457.3999938964844,459.07000732421875,450.30999755859375,450.7300109863281,127637800
2021-12-03,424.0848693847656,453.4200134277344,460.29998779296875,448.9200134277344,459.1700134277344,137331600
2021-12-06,429.1073913574219,458.7900085449219,460.7900085449219,453.55999755859375,456.1300048828125,98977500
2021-12-07,437.9833984375,468.2799987792969,468.8800048828125,458.6499938964844,464.4100036621094,95484700
2021-12-08,439.1432800292969,469.5199890136719,470.0,466.8299865722656,468.70001220703125,72238800
2021-12-09,436.17828369140625,466.3500061035156,469.6300048828125,466.1400146484375,468.1499938964844,61272600
2021-12-10,440.28424072265625,470.739990234375,470.8999938964844,466.510009765625,469.2300109863281,77159800
2021-12-13,436.3841247558594,466.57000732421875,470.55999755859375,466.2699890136719,470.19000244140625,87724700
2021-12-14,433.3816833496094,463.3599853515625,465.739990234375,460.25,463.0899963378906,97264100
2021-12-15,440.1533508300781,470.6000061035156,470.8599853515625,460.739990234375,463.4200134277344,116899300
2021-12-16,436.2718811035156,466.45001220703125,472.8699951171875,464.79998779296875,472.57000732421875,116568600
2021-12-17,431.62872314453125,459.8699951171875,464.739990234375,458.05999755859375,461.54998779296875,135511600
2021-12-20,427.0389404296875,454.9800109863281,455.3999938964844,451.1400146484375,454.4800109863281,107134800
2021-12-21,434.62274169921875,463.05999755859375,463.2099914550781,456.30999755859375,458.6099853515625,69806300
2021-12-22,438.9684143066406,467.69000244140625,467.80999755859375,462.5799865722656,462.7900085449219,58890200
2021-12-23,441.6997375488281,470.6000061035156,472.19000244140625,468.6400146484375,468.75,56439700
2021-12-27,447.9507141113281,477.260009765625,477.30999755859375,472.010009765625,472.05999755859375,56808600
2021-12-28,447.5846252441406,476.8699951171875,478.80999755859375,476.05999755859375,477.7200012207031,47274600
2021-12-29,448.15716552734375,477.4800109863281,478.55999755859375,475.9200134277344,476.9800109863281,54503000
2021-12-30,446.9182434082031,476.1600036621094,479.0,475.6700134277344,477.92999267578125,55329000
2021-12-31,445.79193115234375,474.9599914550781,476.8599853515625,474.6700134277344,475.6400146484375,65237400
2022-01-03,448.3730163574219,477.7099914550781,477.8500061035156,473.8500061035156,476.29998779296875,72668200
2022-01-04,448.2228698730469,477.54998779296875,479.9800109863281,475.5799865722656,479.2200012207031,71178700
2022-01-05,439.6159973144531,468.3800048828125,477.9800109863281,468.2799987792969,477.1600036621094,104538900
2022-01-06,439.20306396484375,467.94000244140625,470.82000732421875,465.42999267578125,467.8900146484375,86858900
2022-01-07,437.4666748046875,466.0899963378906,469.20001220703125,464.6499938964844,467.95001220703125,85111600
2022-01-10,436.9222106933594,465.510009765625,465.739990234375,456.6000061035156,462.70001220703125,119362000
2022-01-11,440.90185546875,469.75,469.8500061035156,462.04998779296875,465.2300109863281,74303100
2022-01-12,442.09393310546875,471.0199890136719,473.20001220703125,468.94000244140625,471.5899963378906,67605400
2022-01-13,436.0024719238281,464.5299987792969,472.8800048828125,463.44000244140625,472.19000244140625,91173100
2022-01-14,436.18084716796875,464.7200012207031,465.0899963378906,459.8999938964844,461.19000244140625,95890900
2022-01-18,428.4562683105469,456.489990234375,459.9599914550781,455.30999755859375,459.739990234375,109709100
2022-01-19,424.00726318359375,451.75,459.6099853515625,451.4599914550781,458.1300048828125,109357600
2022-01-20,419.3143310546875,446.75,458.739990234375,444.5,453.75,122379700
2022-01-21,411.0829772949219,437.9800109863281,448.05999755859375,437.95001220703125,445.55999755859375,202271200
2022-01-24,412.8287658691406,439.8399963378906,440.3800048828125,420.760009765625,432.0299987792969,251783900
2022-01-25,407.7885437011719,434.4700012207031,439.7200012207031,427.1499938964844,433.05999755859375,167997300
2022-01-26,406.76544189453125,433.3800048828125,444.0400085449219,428.8599853515625,440.7200012207031,186391100
2022-01-27,404.7568664550781,431.239990234375,441.5899963378906,429.45001220703125,438.260009765625,149878300
2022-01-28,414.80914306640625,441.95001220703125,442.0,427.82000732421875,432.67999267578125,164457400
2022-01-31,422.2802734375,449.9100036621094,450.2799987792969,439.80999755859375,441.239990234375,152251400
2022-02-01,425.13360595703125,452.95001220703125,453.6300048828125,446.94000244140625,450.67999267578125,123155400
2022-02-02,429.263427734375,457.3500061035156,458.1199951171875,453.04998779296875,455.5,117361000
2022-02-03,419.17352294921875,446.6000061035156,452.9700012207031,445.7099914550781,450.95001220703125,118024400
2022-02-04,421.1446838378906,448.70001220703125,452.7799987792969,443.8299865722656,446.3500061035156,118454400
2022-02-07,419.7930603027344,447.260009765625,450.989990234375,445.8500061035156,449.510009765625,84472900
2022-02-08,423.2469482421875,450.94000244140625,451.9200134277344,445.2200012207031,446.7300109863281,81012000
2022-02-09,429.44171142578125,457.5400085449219,457.8800048828125,455.010009765625,455.2200012207031,92589900
2022-02-10,421.72662353515625,449.32000732421875,457.7099914550781,447.20001220703125,451.3399963378906,140103700
2022-02-11,413.4106750488281,440.4599914550781,451.6099853515625,438.94000244140625,449.4100036621094,153214600
2022-02-14,412.0590515136719,439.0199890136719,441.6000061035156,435.3399963378906,439.9200134277344,123006300
2022-02-15,418.70428466796875,446.1000061035156,446.2799987792969,443.17999267578125,443.7300109863281,88482700
2022-02-16,419.17352294921875,446.6000061035156,448.05999755859375,441.94000244140625,443.92999267578125,84863600
2022-02-17,410.21942138671875,437.05999755859375,446.57000732421875,436.4200134277344,443.2200012207031,102259100
2022-02-18,407.563232421875,434.2300109863281,438.6600036621094,431.82000732421875,437.3299865722656,132642900
2022-02-22,403.1893615722656,429.57000732421875,435.5,425.8599853515625,431.8900146484375,124391800
2022-02-23,396.0374450683594,421.95001220703125,433.260009765625,421.3500061035156,432.6600036621094,132578000
2022-02-24,401.99737548828125,428.29998779296875,428.760009765625,410.6400146484375,411.0199890136719,213942900
2022-02-25,410.8670959472656,437.75,437.8399963378906,427.8599853515625,429.6099853515625,121804500
2022-02-28,409.81591796875,436.6300048828125,438.20001220703125,430.70001220703125,432.0299987792969,145615000
2022-03-01,403.5742492675781,429.9800109863281,437.1700134277344,427.1099853515625,435.0400085449219,137785900
2022-03-02,410.99847412109375,437.8900146484375,439.7200012207031,431.57000732421875,432.3699951171875,117726500
2022-03-03,408.952392578125,435.7099914550781,441.1099853515625,433.79998779296875,440.4700012207031,105501700
2022-03-04,405.6296691894531,432.1700134277344,433.3699951171875,427.8800048828125,431.75,113978200
2022-03-07,393.6720886230469,419.42999267578125,432.29998779296875,419.3599853515625,431.54998779296875,137896600
2022-03-08,390.6873779296875,416.25,427.2099914550781,415.1199951171875,419.6199951171875,164772700
2022-03-09,401.162109375,427.4100036621094,429.510009765625,422.82000732421875,425.1400146484375,116990800
2022-03-10,399.3505859375,425.4800109863281,426.42999267578125,420.44000244140625,422.5199890136719,93972700
2022-03-11,394.2728271484375,420.07000732421875,428.7699890136719,419.5299987792969,428.1199951171875,95636300
2022-03-14,391.3913879394531,417.0,424.54998779296875,415.7900085449219,420.8900146484375,95729200
2022-03-15,399.9981994628906,426.1700134277344,426.8399963378906,418.4200134277344,419.7699890136719,106219100
2022-03-16,408.86785888671875,435.6199951171875,435.67999267578125,424.79998779296875,429.8900146484375,144954800
2022-03-17,413.9831848144531,441.07000732421875,441.07000732421875,433.19000244140625,433.5899963378906,102676900
2022-03-18,418.5174865722656,444.5199890136719,444.8599853515625,437.2200012207031,438.0,106345500
2022-03-21,418.3949890136719,444.3900146484375,446.4599914550781,440.67999267578125,444.3399963378906,88349800
2022-03-22,423.2908630371094,449.5899963378906,450.5799865722656,445.8599853515625,445.8599853515625,74650400
2022-03-23,417.83953857421875,443.79998779296875,448.489990234375,443.7099914550781,446.9100036621094,79426100
2022-03-24,424.13818359375,450.489990234375,450.5,444.760009765625,445.94000244140625,64736900
2022-03-25,426.20953369140625,452.69000244140625,452.9800109863281,448.42999267578125,451.1600036621094,77101300
2022-03-28,429.2412109375,455.9100036621094,455.9100036621094,450.05999755859375,452.05999755859375,68529800
2022-03-29,434.5512390136719,461.54998779296875,462.07000732421875,457.17999267578125,460.0199890136719,86581500
2022-03-30,431.867919921875,458.70001220703125,461.20001220703125,456.4700012207031,460.3399963378906,79666900
2022-03-31,425.2209777832031,451.6400146484375,458.760009765625,451.1600036621094,457.8900146484375,121699900
2022-04-01,426.42608642578125,452.9200134277344,453.4599914550781,449.1400146484375,453.30999755859375,89048800
2022-04-04,430.0791015625,456.79998779296875,456.9100036621094,452.260009765625,453.1300048828125,59601000
2022-04-05,424.6466369628906,451.0299987792969,457.8299865722656,449.82000732421875,455.2200012207031,74214500
2022-04-06,420.4004821777344,446.5199890136719,448.92999267578125,443.4700012207031,446.8900146484375,106898000
2022-04-07,422.51885986328125,448.7699890136719,450.69000244140625,443.5299987792969,445.5899963378906,78097200
2022-04-08,421.3890380859375,447.57000732421875,450.6300048828125,445.94000244140625,447.9700012207031,79272700
2022-04-11,414.1865539550781,439.9200134277344,445.0,439.3900146484375,444.1099853515625,89770500
2022-04-12,412.65185546875,438.2900085449219,445.75,436.6499938964844,443.0799865722656,84363600
2022-04-13,417.3782653808594,443.30999755859375,444.1099853515625,437.8399963378906,438.0299987792969,74070400
2022-04-14,412.1811828613281,437.7900085449219,444.7300109863281,437.67999267578125,443.54998779296875,97869500
2022-04-18,412.35064697265625,437.9700012207031,439.75,435.6099853515625,436.80999755859375,66002500
2022-04-19,419.0069885253906,445.0400085449219,445.79998779296875,437.67999267578125,437.8599853515625,77821000
2022-04-20,418.69635009765625,444.7099914550781,447.57000732421875,443.4800109863281,446.9200134277344,65224400
2022-04-21,412.4353332519531,438.05999755859375,450.010009765625,437.1000061035156,448.5400085449219,85417300
2022-04-22,401.11846923828125,426.0400085449219,438.0799865722656,425.44000244140625,436.9100036621094,132471800
2022-04-25,403.44403076171875,428.510009765625,428.69000244140625,418.8399963378906,423.6700134277344,119647700
2022-04-26,391.7598876953125,416.1000061035156,426.0400085449219,416.07000732421875,425.8299865722656,103996300
2022-04-27,392.8614807128906,417.2699890136719,422.9200134277344,415.010009765625,417.239990234375,122030000
2022-04-28,402.7849426269531,427.80999755859375,429.6400146484375,417.6000061035156,422.2900085449219,105449100
2022-04-29,387.89971923828125,412.0,425.8699951171875,411.2099914550781,423.5899963378906,145491100
2022-05-02,390.2347412109375,414.4800109863281,415.9200134277344,405.0199890136719,412.07000732421875,158312500
2022-05-03,392.0235595703125,416.3800048828125,418.92999267578125,413.3599853515625,415.010009765625,100028200
2022-05-04,403.9618225097656,429.05999755859375,429.6600036621094,413.7099914550781,417.0799865722656,144247900
2022-05-05,389.6038513183594,413.80999755859375,425.0,409.44000244140625,424.54998779296875,172929100
2022-05-06,387.27838134765625,411.3399963378906,414.79998779296875,405.7300109863281,411.1000061035156,151770800
2022-05-09,374.87872314453125,398.1700134277344,406.4100036621094,396.5,405.1000061035156,155586100
2022-05-10,375.744873046875,399.0899963378906,406.0799865722656,394.82000732421875,404.489990234375,132497200
2022-05-11,369.7757873535156,392.75,404.0400085449219,391.9599914550781,398.07000732421875,142361000
2022-05-12,369.38983154296875,392.3399963378906,395.79998779296875,385.1499938964844,389.3699951171875,125090800
2022-05-13,378.2210998535156,401.7200012207031,403.17999267578125,395.6099853515625,396.7099914550781,104174400
2022-05-16,376.6864318847656,400.0899963378906,403.9700012207031,397.6000061035156,399.9800109863281,78622400
2022-05-17,384.4350891113281,408.32000732421875,408.57000732421875,402.5799865722656,406.5299987792969,83029700
2022-05-18,368.9377746582031,391.8599853515625,403.79998779296875,390.54998779296875,403.5,117674500
2022-05-19,366.6781921386719,389.4599914550781,394.1400146484375,387.1099853515625,388.6199951171875,98510700
2022-05-20,366.8383483886719,389.6300048828125,397.0299987792969,380.5400085449219,393.25,131432200
2022-05-23,373.7018737792969,396.9200134277344,397.7300109863281,390.3800048828125,392.8299865722656,76414900
2022-05-24,370.84912109375,393.8900146484375,395.1499938964844,386.9599914550781,392.55999755859375,91448800
2022-05-25,374.1254577636719,397.3699951171875,399.45001220703125,391.8900146484375,392.30999755859375,91472900
2022-05-26,381.60101318359375,405.30999755859375,407.0400085449219,398.45001220703125,398.6700134277344,82168300
2022-05-27,390.96905517578125,415.260009765625,415.3800048828125,407.70001220703125,407.9100036621094,84768700
2022-05-31,388.77532958984375,412.92999267578125,416.4599914550781,410.0299987792969,413.54998779296875,95937000
2022-06-01,385.6307678222656,409.5899963378906,416.239990234375,406.92999267578125,415.1700134277344,86585800
2022-06-02,392.97442626953125,417.3900146484375,417.44000244140625,407.0400085449219,409.4200134277344,79609600
2022-06-03,386.5251770019531,410.5400085449219,414.0400085449219,409.510009765625,412.3999938964844,71874300
2022-06-06,387.70196533203125,411.7900085449219,416.6099853515625,410.54998779296875,414.7799987792969,57508900
2022-06-07,391.4209289550781,415.739990234375,416.2200012207031,407.6099853515625,408.1000061035156,59272400
2022-06-08,387.1653747558594,411.2200012207031,415.82000732421875,410.3800048828125,413.92999267578125,64350000
2022-06-09,377.9574890136719,401.44000244140625,411.739990234375,401.44000244140625,409.3399963378906,86289800
2022-06-10,366.9983825683594,389.79998779296875,395.7799987792969,389.75,394.8800048828125,132893900
2022-06-13,353.06402587890625,375.0,381.80999755859375,373.29998779296875,379.8500061035156,170004900
2022-06-14,352.0001220703125,373.8699951171875,377.94000244140625,370.5899963378906,376.8500061035156,104011800
2022-06-15,357.0184631347656,379.20001220703125,383.8999938964844,372.1199951171875,377.3599853515625,125666800
2022-06-16,345.20257568359375,366.6499938964844,370.94000244140625,364.0799865722656,370.510009765625,134473300
2022-06-17,345.9467468261719,365.8599853515625,369.3800048828125,362.1700134277344,365.510009765625,111113900
2022-06-21,354.65545654296875,375.07000732421875,376.5299987792969,371.80999755859375,371.8900146484375,76811900
2022-06-22,354.01239013671875,374.3900146484375,378.7200012207031,370.17999267578125,370.6199951171875,90059400
2022-06-23,357.4826354980469,378.05999755859375,378.8299865722656,372.8900146484375,376.6400146484375,79292100
2022-06-24,368.8483581542969,390.0799865722656,390.0899963378906,381.3699951171875,381.3999938964844,98050300
2022-06-27,367.4395446777344,388.5899963378906,391.3599853515625,387.44000244140625,391.04998779296875,66009600
2022-06-28,359.9317321777344,380.6499938964844,393.1600036621094,380.5299987792969,390.2300109863281,86548900
2022-06-29,359.6385803222656,380.3399963378906,382.2699890136719,378.4200134277344,381.2300109863281,65676000
2022-06-30,356.71673583984375,377.25,380.6600036621094,372.55999755859375,376.239990234375,112508300
2022-07-01,360.4895935058594,381.239990234375,381.70001220703125,373.79998779296875,376.55999755859375,74839700
2022-07-05,361.17041015625,381.9599914550781,381.9800109863281,372.8999938964844,375.8800048828125,81438000
2022-07-06,362.39019775390625,383.25,385.8699951171875,379.6000061035156,382.1099853515625,70426200
2022-07-07,367.8177185058594,388.989990234375,389.8299865722656,383.2699890136719,385.1199951171875,64525900
2022-07-08,367.5152587890625,388.6700134277344,390.6400146484375,385.6600036621094,387.2699890136719,72397800
2022-07-11,363.31683349609375,384.2300109863281,386.8699951171875,383.5,385.8500061035156,58366900
2022-07-12,360.1018981933594,380.8299865722656,386.1600036621094,378.989990234375,383.6499938964844,62219200
2022-07-13,358.210693359375,378.8299865722656,381.9200134277344,374.6600036621094,375.1000061035156,84224600
2022-07-14,357.3408508300781,377.9100036621094,379.04998779296875,371.0400085449219,373.6099853515625,89704800
2022-07-15,364.1679382324219,385.1300048828125,385.25,380.5400085449219,382.54998779296875,79060400
2022-07-18,361.1609802246094,381.95001220703125,389.0899963378906,380.6600036621094,388.3800048828125,63203600
2022-07-19,370.919189453125,392.2699890136719,392.8699951171875,385.3900146484375,386.0799865722656,78506000
2022-07-20,373.2831726074219,394.7699890136719,396.260009765625,391.0299987792969,392.4700012207031,71843800
2022-07-21,377.0843200683594,398.7900085449219,398.8399963378906,391.6300048828125,394.1600036621094,64903900
2022-07-22,373.58575439453125,395.0899963378906,400.17999267578125,392.75,398.9200134277344,72197300
2022-07-25,374.0396728515625,395.57000732421875,396.4700012207031,393.2099914550781,395.75,53631500
2022-07-26,369.6143798828125,390.8900146484375,394.05999755859375,389.95001220703125,393.8399963378906,52946400
2022-07-27,379.2119445800781,401.0400085449219,402.8800048828125,394.04998779296875,394.3599853515625,82342100
2022-07-28,383.96807861328125,406.07000732421875,406.79998779296875,398.1499938964844,401.8900146484375,73966600
2022-07-29,389.5658874511719,411.989990234375,413.0299987792969,406.7699890136719,407.5799865722656,87003700
2022-08-01,388.4122314453125,410.7699890136719,413.4100036621094,408.3999938964844,409.1499938964844,69997500
2022-08-02,385.849853515625,408.05999755859375,413.0,406.82000732421875,409.1199951171875,63435400
2022-08-03,391.8919677734375,414.45001220703125,415.67999267578125,410.0,410.29998779296875,67820600
2022-08-04,391.62725830078125,414.1700134277344,415.0899963378906,412.44000244140625,414.3699951171875,45656600
2022-08-05,390.96527099609375,413.4700012207031,414.1499938964844,409.6000061035156,409.6600036621094,56814900
2022-08-08,390.5114440917969,412.989990234375,417.6199951171875,411.8299865722656,415.25,53886100
2022-08-09,388.9607238769531,411.3500061035156,412.75,410.2200012207031,412.2200012207031,44931800
2022-08-10,397.1304626464844,419.989990234375,420.1400146484375,416.7200012207031,418.7799987792969,68665700
2022-08-11,397.1304626464844,419.989990234375,424.95001220703125,419.2099914550781,422.989990234375,59489700
2022-08-12,403.85345458984375,427.1000061035156,427.2099914550781,421.0299987792969,422.0299987792969,61694500
2022-08-15,405.517578125,428.8599853515625,429.4100036621094,424.7099914550781,424.7699890136719,54048300
2022-08-16,406.31201171875,429.70001220703125,431.7300109863281,426.8800048828125,427.7300109863281,59289000
2022-08-17,403.4280090332031,426.6499938964844,429.5,424.5400085449219,425.9100036621094,63563400
2022-08-18,404.6004943847656,427.8900146484375,428.6099853515625,425.5,426.8599853515625,49023200
2022-08-19,399.16339111328125,422.1400146484375,425.260009765625,421.2200012207031,424.9800109863281,68016900
2022-08-22,390.8519592285156,413.3500061035156,417.2300109863281,412.3999938964844,417.04998779296875,77695600
2022-08-23,389.9062805175781,412.3500061035156,415.4200134277344,411.7699890136719,412.8999938964844,49105200
2022-08-24,391.1543884277344,413.6700134277344,415.1099853515625,411.3900146484375,412.1099853515625,49177800
2022-08-25,396.6766052246094,419.510009765625,419.55999755859375,414.0899963378906,415.239990234375,50942300
2022-08-26,383.24945068359375,405.30999755859375,419.9599914550781,405.25,419.3900146484375,103087000
2022-08-29,380.71539306640625,402.6300048828125,405.8399963378906,401.20001220703125,402.20001220703125,65370800
2022-08-30,376.5359191894531,398.2099914550781,404.1000061035156,396.0,403.8500061035156,85652400
2022-08-31,373.6707763671875,395.17999267578125,401.239990234375,395.0400085449219,399.92999267578125,76029700
2022-09-01,374.8434143066406,396.4200134277344,396.7799987792969,390.0400085449219,392.8900146484375,78740100
2022-09-02,370.890869140625,392.239990234375,401.55999755859375,390.3299865722656,400.2799987792969,99632100
2022-09-06,369.49139404296875,390.760009765625,394.1199951171875,388.4200134277344,393.1300048828125,76637400
2022-09-07,376.12933349609375,397.7799987792969,398.5899963378906,390.20001220703125,390.42999267578125,70964200
2022-09-08,378.58782958984375,400.3800048828125,400.8599853515625,394.1199951171875,395.3900146484375,80821700
2022-09-09,384.4692687988281,406.6000061035156,407.510009765625,402.4599914550781,402.739990234375,76706900
2022-09-12,388.6014404296875,410.9700012207031,411.7300109863281,408.4599914550781,408.7799987792969,69256300
2022-09-13,371.7040710449219,393.1000061035156,403.1000061035156,391.9200134277344,401.8299865722656,122947100
2022-09-14,373.1224365234375,394.6000061035156,396.20001220703125,391.1199951171875,394.4700012207031,85023700
2022-09-15,368.88623046875,390.1199951171875,395.9599914550781,388.7799987792969,392.9599914550781,87633800
2022-09-16,366.0720520019531,385.55999755859375,386.25,382.1099853515625,384.1400146484375,103084800
2022-09-19,368.910888671875,388.54998779296875,388.54998779296875,382.17999267578125,382.260009765625,73278500
2022-09-20,364.67626953125,384.0899963378906,386.1199951171875,381.20001220703125,385.05999755859375,77274900
2022-09-21,358.31500244140625,377.3900146484375,389.30999755859375,377.3800048828125,386.1099853515625,106746600
2022-09-22,355.3052062988281,374.2200012207031,378.29998779296875,373.44000244140625,376.5799865722656,89472600
2022-09-23,349.35223388671875,367.95001220703125,370.6199951171875,363.2900085449219,370.5799865722656,122346900
2022-09-26,345.8961181640625,364.30999755859375,370.2099914550781,363.0299987792969,366.4100036621094,92581200
2022-09-27,345.01312255859375,363.3800048828125,370.3999938964844,360.8699951171875,368.0199890136719,108294100
2022-09-28,351.8017272949219,370.5299987792969,372.29998779296875,362.6000061035156,364.3800048828125,110802200
2022-09-29,344.4529113769531,362.7900085449219,367.1099853515625,359.70001220703125,366.80999755859375,112952300
2022-09-30,339.12652587890625,357.17999267578125,365.9100036621094,357.0400085449219,361.79998779296875,153711200
2022-10-03,348.0799255371094,366.6099853515625,368.54998779296875,359.2099914550781,361.0799865722656,89756500
2022-10-04,358.8656921386719,377.9700012207031,378.0,366.57000732421875,372.3999938964844,103602800
2022-10-05,358.0301513671875,377.0899963378906,379.4599914550781,370.95001220703125,373.3900146484375,88065700
2022-10-06,354.3368225097656,373.20001220703125,378.7200012207031,372.67999267578125,375.6199951171875,82333500
2022-10-07,344.4529113769531,362.7900085449219,373.2900085449219,360.94000244140625,368.9700012207031,107789500
2022-10-10,341.8229064941406,360.0199890136719,364.2099914550781,357.6700134277344,363.9599914550781,76042800
2022-10-11,339.65826416015625,357.739990234375,363.0299987792969,355.7099914550781,358.239990234375,92482800
2022-10-12,338.53790283203125,356.55999755859375,359.82000732421875,356.29998779296875,358.1700134277344,76991800
2022-10-13,347.4721984863281,365.9700012207031,367.510009765625,348.1099853515625,349.2099914550781,147254500
2022-10-14,339.5538330078125,357.6300048828125,370.260009765625,356.9599914550781,368.54998779296875,123737000
2022-10-17,348.279296875,366.82000732421875,367.9800109863281,357.2799987792969,364.010009765625,93168200
2022-10-18,352.37139892578125,371.1300048828125,375.45001220703125,367.5199890136719,375.1300048828125,97162900
2022-10-19,349.87432861328125,368.5,371.8500061035156,365.54998779296875,368.989990234375,79746900
2022-10-20,346.9405212402344,365.4100036621094,372.6700134277344,364.6099853515625,368.0299987792969,88283100
2022-10-21,355.37176513671875,374.2900085449219,374.79998779296875,363.5400085449219,365.1199951171875,131038400
2022-10-24,359.7201843261719,378.8699951171875,380.05999755859375,373.1099853515625,375.8900146484375,85436900
2022-10-25,365.4643859863281,384.9200134277344,385.25,378.6700134277344,378.7900085449219,78846300
2022-10-26,362.7109680175781,382.0199890136719,387.5799865722656,381.3500061035156,381.6199951171875,104087300
2022-10-27,360.7740783691406,379.9800109863281,385.0,379.3299865722656,383.07000732421875,81971800
2022-10-28,369.35723876953125,389.0199890136719,389.5199890136719,379.67999267578125,379.8699951171875,100302000
2022-10-31,366.6891784667969,386.2099914550781,388.3999938964844,385.260009765625,386.44000244140625,96631300
2022-11-01,365.08465576171875,384.5199890136719,390.3900146484375,383.2900085449219,390.1400146484375,85407600
2022-11-02,355.92236328125,374.8699951171875,388.6300048828125,374.760009765625,383.8999938964844,126990400
2022-11-03,352.2574462890625,371.010009765625,374.20001220703125,368.7900085449219,371.4700012207031,87100100
2022-11-04,357.32757568359375,376.3500061035156,378.8699951171875,370.0,377.0,103505200
2022-11-07,360.7456970214844,379.95001220703125,380.57000732421875,375.5299987792969,377.7099914550781,68286900
2022-11-08,362.6919860839844,382.0,385.1199951171875,377.7200012207031,381.1099853515625,84641100
2022-11-09,355.2197570800781,374.1300048828125,381.1400146484375,373.6099853515625,379.92999267578125,78495500
2022-11-10,374.7406311035156,394.69000244140625,395.0400085449219,385.6400146484375,388.04998779296875,141455800
2022-11-11,378.3675842285156,398.510009765625,399.3500061035156,393.6099853515625,395.5899963378906,93839900
2022-11-14,375.1488952636719,395.1199951171875,400.17999267578125,394.8299865722656,396.6600036621094,71903500
2022-11-15,378.3484802246094,398.489990234375,402.30999755859375,394.489990234375,401.1499938964844,93194500
2022-11-16,375.4621276855469,395.45001220703125,397.7799987792969,394.7900085449219,396.7799987792969,68508500
2022-11-17,374.31329345703125,394.239990234375,394.95001220703125,390.1400146484375,390.4599914550781,74496300
2022-11-18,376.0128173828125,396.0299987792969,397.80999755859375,393.0400085449219,397.739990234375,92922500
2022-11-21,374.64569091796875,394.5899963378906,395.82000732421875,392.6600036621094,394.6400146484375,51243200
2022-11-22,379.6872253417969,399.8999938964844,400.07000732421875,395.1499938964844,396.6300048828125,60429000
2022-11-23,382.0798645019531,402.4200134277344,402.92999267578125,399.30999755859375,399.54998779296875,68261600
2022-11-25,381.99444580078125,402.3299865722656,402.9100036621094,401.5400085449219,401.8299865722656,30545400
2022-11-28,375.8989562988281,395.9100036621094,400.80999755859375,395.1099853515625,399.0899963378906,67881600
2022-11-29,375.2533264160156,395.2300109863281,397.29998779296875,393.29998779296875,396.04998779296875,52310000
2022-11-30,387.0740051269531,407.67999267578125,407.67999267578125,393.4800109863281,395.489990234375,144566700
2022-12-01,386.7891540527344,407.3800048828125,410.0,404.75,408.7699890136719,76398200
2022-12-02,386.3429260253906,406.9100036621094,407.8599853515625,402.1400146484375,402.25,85342700
2022-12-05,379.3929443359375,399.5899963378906,404.92999267578125,398.1700134277344,403.95001220703125,77289800
2022-12-06,373.9240417480469,393.8299865722656,399.989990234375,391.6400146484375,399.4200134277344,77972200
2022-12-07,373.2879638671875,393.1600036621094,395.6400146484375,391.9700012207031,392.94000244140625,65927900
2022-12-08,376.2122497558594,396.239990234375,397.3599853515625,393.2699890136719,395.1400146484375,60737900
2022-12-09,373.4018249511719,393.2799987792969,397.6199951171875,393.1499938964844,394.94000244140625,81447700
2022-12-12,378.7853088378906,398.95001220703125,398.95001220703125,393.4100036621094,394.1099853515625,75405800
2022-12-13,381.6526184082031,401.9700012207031,410.489990234375,399.07000732421875,410.2200012207031,123782500
2022-12-14,379.2124938964844,399.3999938964844,405.5,396.30999755859375,401.6099853515625,108111300
2022-12-15,369.9364013671875,389.6300048828125,395.25,387.8900146484375,394.29998779296875,117705900
2022-12-16,365.56884765625,383.2699890136719,386.5799865722656,381.0400085449219,385.17999267578125,119858000
2022-12-19,362.46893310546875,380.0199890136719,383.82000732421875,378.2799987792969,383.4700012207031,79878100
2022-12-20,362.96490478515625,380.5400085449219,382.2300109863281,377.8500061035156,379.2300109863281,74427200
2022-12-21,368.39215087890625,386.2300109863281,387.4100036621094,382.69000244140625,383.25,78167400
2022-12-22,363.1365966796875,380.7200012207031,386.2099914550781,374.7699890136719,383.04998779296875,100120900
2022-12-23,365.2254638671875,382.9100036621094,383.05999755859375,378.0299987792969,379.6499938964844,59857300
2022-12-27,363.78521728515625,381.3999938964844,383.1499938964844,379.6499938964844,382.7900085449219,51638200
2022-12-28,359.26416015625,376.6600036621094,383.3900146484375,376.4200134277344,381.3299865722656,70911500
2022-12-29,365.73095703125,383.44000244140625,384.3500061035156,379.0799865722656,379.6300048828125,66970900
2022-12-30,364.7676086425781,382.42999267578125,382.5799865722656,378.42999267578125,380.6400146484375,84022200
2023-01-03,363.23199462890625,380.82000732421875,386.42999267578125,377.8299865722656,384.3699951171875,74850700
2023-01-04,366.0362243652344,383.760009765625,385.8800048828125,380.0,383.17999267578125,85934100
2023-01-05,361.8584899902344,379.3800048828125,381.8399963378906,378.760009765625,381.7200012207031,76970500
2023-01-06,370.15667724609375,388.0799865722656,389.25,379.4100036621094,382.6099853515625,104189600
2023-01-09,369.9468994140625,387.8599853515625,393.70001220703125,387.6700134277344,390.3699951171875,73978100
2023-01-10,372.5412292480469,390.5799865722656,390.6499938964844,386.2699890136719,387.25,65358100
2023-01-11,377.2530822753906,395.5199890136719,395.6000061035156,391.3800048828125,392.2300109863281,68881100
2023-01-12,378.6265869140625,396.9599914550781,398.489990234375,392.4200134277344,396.6700134277344,90157700
2023-01-13,380.0954895019531,398.5,399.1000061035156,393.3399963378906,393.6199951171875,63903900
2023-01-17,379.399169921875,397.7699890136719,400.2300109863281,397.05999755859375,398.4800109863281,62677300
2023-01-18,373.4092102050781,391.489990234375,400.1199951171875,391.2799987792969,399.010009765625,99632300
2023-01-19,370.69085693359375,388.6400146484375,391.0799865722656,387.260009765625,389.3599853515625,86958900
2023-01-20,377.5964660644531,395.8800048828125,396.0400085449219,388.3800048828125,390.1000061035156,91806400
2023-01-23,382.1270751953125,400.6300048828125,402.6499938964844,395.7200012207031,396.7200012207031,84178800
2023-01-24,381.71697998046875,400.20001220703125,401.1499938964844,397.6400146484375,398.8800048828125,59524900
2023-01-25,381.8599853515625,400.3500061035156,400.70001220703125,393.55999755859375,395.95001220703125,84800300
2023-01-26,386.0567321777344,404.75,404.9200134277344,400.0299987792969,403.1300048828125,72287400
2023-01-27,386.9438171386719,405.67999267578125,408.1600036621094,403.44000244140625,403.6600036621094,68346200
2023-01-30,382.08892822265625,400.5899963378906,405.1300048828125,400.2799987792969,402.79998779296875,74202000
2023-01-31,387.7069091796875,406.4800109863281,406.5299987792969,400.7699890136719,401.1300048828125,86811800
2023-02-01,391.8273620605469,410.79998779296875,413.6700134277344,402.3500061035156,405.2099914550781,101459200
2023-02-02,397.5311584472656,416.7799987792969,418.30999755859375,412.8800048828125,414.8599853515625,101654500
2023-02-03,393.3057861328125,412.3500061035156,416.9700012207031,411.0899963378906,411.5899963378906,94736800
2023-02-06,390.90216064453125,409.8299865722656,411.2900085449219,408.1000061035156,409.7900085449219,60295300
2023-02-07,396.01458740234375,415.19000244140625,416.489990234375,407.57000732421875,408.8699951171875,90990700
2023-02-08,391.684326171875,410.6499938964844,414.5299987792969,409.92999267578125,413.1300048828125,76227500
2023-02-09,388.2886962890625,407.0899963378906,414.57000732421875,405.80999755859375,414.4100036621094,78694900
2023-02-10,389.1948547363281,408.0400085449219,408.44000244140625,405.010009765625,405.8599853515625,70769700
2023-02-13,393.7635498046875,412.8299865722656,412.9700012207031,408.239990234375,408.7200012207031,64913500
2023-02-14,393.5823974609375,412.6400146484375,415.04998779296875,408.510009765625,411.239990234375,88389300
2023-02-15,394.8605041503906,413.9800109863281,414.05999755859375,409.4700012207031,410.3500061035156,61555700
2023-02-16,389.42376708984375,408.2799987792969,412.9100036621094,408.1400146484375,408.7900085449219,76431500
2023-02-17,388.45086669921875,407.260009765625,407.510009765625,404.04998779296875,406.05999755859375,89257800
2023-02-21,380.65814208984375,399.0899963378906,404.1600036621094,398.82000732421875,403.05999755859375,82655900
2023-02-22,380.1335754394531,398.5400085449219,401.1300048828125,397.0199890136719,399.5199890136719,83742300
2023-02-23,382.1556701660156,400.6600036621094,402.20001220703125,396.25,401.55999755859375,96242400
2023-02-24,378.07330322265625,396.3800048828125,397.25,393.6400146484375,395.4200134277344,108194400
2023-02-27,379.36102294921875,397.7300109863281,401.2900085449219,396.75,399.8699951171875,80444700
2023-02-28,377.9588928222656,396.260009765625,399.2799987792969,396.1499938964844,397.2300109863281,96438600
2023-03-01,376.50909423828125,394.739990234375,396.69000244140625,393.3800048828125,395.4100036621094,99706800
2023-03-02,379.4372863769531,397.80999755859375,398.69000244140625,392.3299865722656,392.67999267578125,85127800
2023-03-03,385.5226745605469,404.19000244140625,404.45001220703125,399.0299987792969,399.7099914550781,90120000
2023-03-06,385.7897033691406,404.4700012207031,407.45001220703125,404.010009765625,405.04998779296875,72795900
2023-03-07,379.8760681152344,398.2699890136719,404.6700134277344,397.6300048828125,404.4200134277344,108310600
2023-03-08,380.49609375,398.9200134277344,399.7099914550781,396.5899963378906,398.3900146484375,74746600
2023-03-09,373.4759216308594,391.55999755859375,401.4800109863281,390.5299987792969,399.739990234375,111945300
2023-03-10,368.08697509765625,385.9100036621094,393.1600036621094,384.32000732421875,390.989990234375,189253000
2023-03-13,367.5622863769531,385.3599853515625,390.3900146484375,380.6499938964844,381.80999755859375,157790000
2023-03-14,373.63812255859375,391.7300109863281,393.45001220703125,387.04998779296875,390.5,149752400
2023-03-15,371.3013000488281,389.2799987792969,389.489990234375,383.7099914550781,385.8900146484375,172996900
2023-03-16,377.8157958984375,396.1099853515625,396.4700012207031,386.2900085449219,386.82000732421875,143254200
2023-03-17,373.3981628417969,389.989990234375,394.3999938964844,388.54998779296875,393.2200012207031,140553400
2023-03-20,376.9885559082031,393.739990234375,394.1700134277344,390.07000732421875,390.79998779296875,93055800
2023-03-21,381.9385986328125,398.9100036621094,399.4100036621094,395.5799865722656,397.239990234375,91524200
2023-03-22,375.4279479980469,392.1099853515625,402.489990234375,392.07000732421875,398.7300109863281,111746600
2023-03-23,376.4429016113281,393.1700134277344,399.2900085449219,390.3500061035156,395.0899963378906,119351300
2023-03-24,378.9130859375,395.75,395.8399963378906,389.3999938964844,391.8399963378906,107682400
2023-03-27,379.6215515136719,396.489990234375,398.9200134277344,395.55999755859375,398.1199951171875,74010400
2023-03-28,378.7694396972656,395.6000061035156,396.489990234375,393.69000244140625,395.7699890136719,62871700
2023-03-29,384.27484130859375,401.3500061035156,401.6000061035156,398.67999267578125,399.92999267578125,77497900
2023-03-30,386.5248718261719,403.70001220703125,404.3500061035156,401.760009765625,404.0899963378906,69840000
2023-03-31,391.9728088378906,409.3900146484375,409.70001220703125,404.54998779296875,404.6600036621094,112062600
2023-04-03,393.46636962890625,410.95001220703125,411.3699951171875,408.44000244140625,408.8500061035156,67391100
2023-04-04,391.2834167480469,408.6700134277344,411.9200134277344,407.239990234375,411.6199951171875,66601500
2023-04-05,390.2589111328125,407.6000061035156,408.70001220703125,405.8800048828125,407.9100036621094,65200200
2023-04-06,391.78131103515625,409.19000244140625,409.4800109863281,405.67999267578125,406.7699890136719,63743300
2023-04-10,392.18341064453125,409.6099853515625,409.69000244140625,405.9700012207031,406.6099853515625,63681000
2023-04-11,392.2887268066406,409.7200012207031,411.17999267578125,408.9200134277344,410.260009765625,59297900
2023-04-12,390.68975830078125,408.04998779296875,412.1700134277344,407.44000244140625,411.8699951171875,86420400
2023-04-13,395.879150390625,413.4700012207031,413.8399963378906,407.989990234375,409.17999267578125,85814800
2023-04-14,394.9121398925781,412.4599914550781,415.0899963378906,410.05999755859375,412.80999755859375,78161500
2023-04-17,396.32916259765625,413.94000244140625,413.9599914550781,411.0899963378906,412.3699951171875,66436400
2023-04-18,396.58770751953125,414.2099914550781,415.7200012207031,412.7799987792969,415.5799865722656,63560000
2023-04-19,396.52069091796875,414.1400146484375,415.0799865722656,412.1600036621094,412.2200012207031,55227300
2023-04-20,394.3568115234375,411.8800048828125,413.70001220703125,410.2699890136719,411.2099914550781,75840400
2023-04-21,394.66314697265625,412.20001220703125,412.67999267578125,410.1700134277344,412.19000244140625,73457400
2023-04-24,395.0749206542969,412.6300048828125,413.07000732421875,410.6000061035156,411.989990234375,64332100
2023-04-25,388.8035583496094,406.0799865722656,411.1600036621094,406.0199890136719,410.5799865722656,97766700
2023-04-26,387.1567687988281,404.3599853515625,407.8399963378906,403.7799987792969,406.7200012207031,80447000
2023-04-27,394.8642578125,412.4100036621094,412.69000244140625,406.739990234375,407.0,92968400
2023-04-28,398.2344970703125,415.92999267578125,415.94000244140625,411.42999267578125,411.489990234375,89433100
2023-05-01,397.8323669433594,415.510009765625,417.6199951171875,415.2699890136719,415.4700012207031,62122300
2023-05-02,393.361083984375,410.8399963378906,414.82000732421875,407.82000732421875,414.7699890136719,103998500
2023-05-03,390.6610412597656,408.0199890136719,413.8699951171875,407.7699890136719,411.3599853515625,91531800
2023-05-04,387.8940124511719,405.1300048828125,407.2699890136719,403.739990234375,406.92999267578125,94901900
2023-05-05,395.0749206542969,412.6300048828125,413.7200012207031,408.6400146484375,408.9100036621094,87891800
2023-05-08,395.1802673339844,412.739990234375,413.239990234375,411.2799987792969,412.9700012207031,50046800
2023-05-09,393.447265625,410.92999267578125,412.0899963378906,410.69000244140625,411.1300048828125,49220100
2023-05-10,395.28558349609375,412.8500061035156,414.5400085449219,408.8699951171875,413.8800048828125,96142900
2023-05-11,394.59619140625,412.1300048828125,412.42999267578125,409.9700012207031,411.95001220703125,70157100
2023-05-12,394.0791015625,411.5899963378906,413.6400146484375,409.07000732421875,413.4200134277344,70481500
2023-05-15,395.4387512207031,413.010009765625,413.42999267578125,410.2300109863281,412.2200012207031,54289400
2023-05-16,392.796142578125,410.25,412.82000732421875,410.239990234375,411.8599853515625,57705500
2023-05-17,397.5643005371094,415.2300109863281,415.8599853515625,410.6400146484375,412.3500061035156,87287000
2023-05-18,401.3941650390625,419.2300109863281,419.6700134277344,414.6700134277344,414.8999938964844,97177200
2023-05-19,400.8100280761719,418.6199951171875,420.7200012207031,417.3500061035156,420.1700134277344,103793300
2023-05-22,400.9728698730469,418.7900085449219,420.3900146484375,417.3500061035156,418.6400146484375,60745400
2023-05-23,396.4728088378906,414.0899963378906,418.7200012207031,413.67999267578125,417.0799865722656,86383500
2023-05-24,393.6004333496094,411.0899963378906,412.82000732421875,409.8800048828125,412.4200134277344,89213700
2023-05-25,397.0089416503906,414.6499938964844,416.1600036621094,412.4100036621094,414.739990234375,90961600
2023-05-26,402.1505432128906,420.0199890136719,420.7699890136719,415.25,415.3299865722656,93830000
2023-05-30,402.3036804199219,420.17999267578125,422.5799865722656,418.739990234375,422.0299987792969,72216000
2023-05-31,400.0728759765625,417.8500061035156,419.2200012207031,416.2200012207031,418.2799987792969,110811800
2023-06-01,403.87396240234375,421.82000732421875,422.9200134277344,416.7900085449219,418.0899963378906,88865000
2023-06-02,409.71441650390625,427.9200134277344,428.739990234375,423.95001220703125,424.5,91426200
2023-06-05,408.9293212890625,427.1000061035156,429.6199951171875,426.3699951171875,428.2799987792969,65460200
2023-06-06,409.8197021484375,428.0299987792969,428.5799865722656,425.989990234375,426.6700134277344,64022200
2023-06-07,408.4026794433594,426.54998779296875,429.6199951171875,426.1099853515625,428.44000244140625,85373300
2023-06-08,410.8729553222656,429.1300048828125,429.6000061035156,425.82000732421875,426.6199951171875,61952800
2023-06-09,411.6101989746094,429.8999938964844,431.989990234375,428.8699951171875,429.9599914550781,85742800
2023-06-12,415.3442687988281,433.79998779296875,433.8800048828125,430.1700134277344,430.9200134277344,76104300
2023-06-13,418.0826110839844,436.6600036621094,437.3299865722656,434.6300048828125,435.32000732421875,95899700
2023-06-14,418.5804748535156,437.17999267578125,439.05999755859375,433.5899963378906,437.010009765625,100612100
2023-06-15,423.7698669433594,442.6000061035156,443.8999938964844,436.2300109863281,436.3299865722656,110303100
2023-06-16,422.3264465332031,439.4599914550781,443.6099853515625,438.9700012207031,443.0199890136719,114165800
2023-06-20,420.1353759765625,437.17999267578125,438.3699951171875,435.0299987792969,437.45001220703125,76160400
2023-06-21,417.9825744628906,434.94000244140625,436.989990234375,434.3299865722656,436.1600036621094,76982300
2023-06-22,419.4914855957031,436.510009765625,436.6199951171875,433.6000061035156,433.95001220703125,70637200
2023-06-23,416.320068359375,433.2099914550781,435.05999755859375,432.4700012207031,432.92999267578125,92074500
2023-06-26,414.6191101074219,431.44000244140625,434.6099853515625,431.19000244140625,432.6199951171875,72823600
2023-06-27,419.1646728515625,436.1700134277344,436.80999755859375,431.8800048828125,432.3500061035156,72813700
2023-06-28,419.3760986328125,436.3900146484375,437.44000244140625,434.4100036621094,435.04998779296875,75636000
2023-06-29,421.02899169921875,438.1099853515625,438.2799987792969,435.5400085449219,435.9599914550781,67882300
2023-06-30,425.9975280761719,443.2799987792969,444.29998779296875,441.1099853515625,441.44000244140625,104964000
2023-07-03,426.48760986328125,443.7900085449219,444.0799865722656,442.6300048828125,442.9200134277344,32793400
2023-07-05,425.85333251953125,443.1300048828125,443.8900146484375,441.8999938964844,441.9100036621094,58418400
2023-07-06,422.5186462402344,439.6600036621094,440.1000061035156,437.05999755859375,439.4200134277344,80658300
2023-07-07,421.4518737792969,438.54998779296875,442.6400146484375,438.29998779296875,438.6300048828125,86134200
2023-07-10,422.5186462402344,439.6600036621094,439.8399963378906,437.5899963378906,438.17999267578125,62443500
2023-07-11,425.2093811035156,442.4599914550781,442.9700012207031,439.44000244140625,440.45001220703125,64463800
2023-07-12,428.6307373046875,446.0199890136719,447.4800109863281,444.9100036621094,446.3900146484375,91924500
2023-07-13,432.0326232910156,449.55999755859375,450.3800048828125,447.45001220703125,447.8999938964844,72425200
2023-07-14,431.7635192871094,449.2799987792969,451.3599853515625,448.489990234375,450.4800109863281,69815800
2023-07-17,433.2627258300781,450.8399963378906,451.92999267578125,449.0799865722656,449.1300048828125,52680200
2023-07-18,436.4821472167969,454.19000244140625,454.8599853515625,450.04998779296875,450.5,80668200
2023-07-19,437.45281982421875,455.20001220703125,456.42999267578125,454.1099853515625,455.010009765625,65891700
2023-07-20,434.5504455566406,452.17999267578125,455.1000061035156,451.44000244140625,454.1700134277344,70591600
2023-07-21,434.5504455566406,452.17999267578125,454.1700134277344,452.1700134277344,453.9599914550781,71275600
2023-07-24,436.4917297363281,454.20001220703125,455.0400085449219,452.29998779296875,453.3699951171875,54023400
2023-07-25,437.68341064453125,455.44000244140625,456.739990234375,453.8699951171875,453.9200134277344,55191200
2023-07-26,437.7507019042969,455.510009765625,456.989990234375,453.3800048828125,454.4700012207031,71052900
2023-07-27,434.8484191894531,452.489990234375,459.44000244140625,451.54998779296875,459.0199890136719,92194400
2023-07-28,439.1057434082031,456.9200134277344,457.7799987792969,452.489990234375,455.8800048828125,80011800
2023-07-31,439.9417724609375,457.7900085449219,458.1600036621094,456.04998779296875,457.4100036621094,62040400
2023-08-01,438.6828308105469,456.4800109863281,457.25,455.489990234375,456.2699890136719,55291500
2023-08-02,432.5804443359375,450.1300048828125,453.5199890136719,449.3500061035156,453.25,93933400
2023-08-03,431.3406982421875,448.8399963378906,450.7900085449219,447.3699951171875,448.0400085449219,64276100
2023-08-04,429.3898620605469,446.80999755859375,452.8999938964844,446.2699890136719,450.7200012207031,100128900
2023-08-07,433.1378173828125,450.7099914550781,450.8699951171875,447.989990234375,448.7099914550781,58357500
2023-08-08,431.2542724609375,448.75,450.70001220703125,445.2699890136719,448.0799865722656,71361300
2023-08-09,428.37115478515625,445.75,449.20001220703125,444.9599914550781,449.0299987792969,78789600
2023-08-10,428.5249328613281,445.9100036621094,451.70001220703125,444.70001220703125,448.19000244140625,93005500
2023-08-11,428.27508544921875,445.6499938964844,446.70001220703125,443.3500061035156,443.9700012207031,68690900
2023-08-14,430.63922119140625,448.1099853515625,448.1099853515625,444.3800048828125,444.70001220703125,47867400
2023-08-15,425.62274169921875,442.8900146484375,446.6400146484375,442.29998779296875,446.2699890136719,75707500
2023-08-16,422.4993896484375,439.6400146484375,444.17999267578125,439.5299987792969,442.4599914550781,80107200
2023-08-17,419.2800598144531,436.2900085449219,441.42999267578125,435.75,441.1600036621094,95711300
2023-08-18,419.4817810058594,436.5,437.57000732421875,433.010009765625,433.3699951171875,98852000
2023-08-21,422.2110900878906,439.3399963378906,440.1099853515625,435.32000732421875,437.54998779296875,68719000
2023-08-22,421.0674743652344,438.1499938964844,441.17999267578125,437.57000732421875,441.17999267578125,64994200
2023-08-23,425.75726318359375,443.0299987792969,443.6700134277344,439.1000061035156,439.25,68441000
2023-08-24,419.8566589355469,436.8900146484375,445.2200012207031,436.8599853515625,444.69000244140625,88517300
2023-08-25,422.8165283203125,439.9700012207031,441.29998779296875,435.0,438.67999267578125,102325100
2023-08-28,425.4977722167969,442.760009765625,443.3999938964844,439.9700012207031,442.239990234375,61595400
2023-08-29,431.6482849121094,449.1600036621094,449.45001220703125,442.4599914550781,442.6499938964844,83081900
2023-08-30,433.4261169433594,451.010009765625,451.6700134277344,448.7799987792969,449.510009765625,69053900
2023-08-31,432.7918701171875,450.3500061035156,452.8299865722656,450.1600036621094,451.6499938964844,66084600
2023-09-01,433.5991516113281,451.19000244140625,453.6700134277344,449.67999267578125,453.1700134277344,58944100
2023-09-05,431.72509765625,449.239990234375,451.05999755859375,449.1700134277344,450.7300109863281,55166200
2023-09-06,428.8228759765625,446.2200012207031,448.510009765625,443.80999755859375,448.3999938964844,70758500
2023-09-07,427.5062561035156,444.8500061035156,445.54998779296875,442.75,443.1099853515625,70355400
2023-09-08,428.15008544921875,445.5199890136719,447.1099853515625,444.5299987792969,444.8999938964844,61659700
2023-09-11,430.96600341796875,448.45001220703125,448.7699890136719,446.4700012207031,448.239990234375,60180100
2023-09-12,428.6018371582031,445.989990234375,448.5299987792969,445.3900146484375,446.95001220703125,67565400
2023-09-13,429.10150146484375,446.510009765625,447.7099914550781,445.0799865722656,446.2200012207031,60199300
2023-09-14,432.80145263671875,450.3599853515625,451.0799865722656,447.7200012207031,449.07000732421875,83430800
2023-09-15,427.5869140625,443.3699951171875,447.4800109863281,442.9200134277344,447.1400146484375,111848900
2023-09-18,427.8376770019531,443.6300048828125,444.9700012207031,442.55999755859375,443.04998779296875,55752200
2023-09-19,426.9504089355469,442.7099914550781,443.2900085449219,439.94000244140625,442.67999267578125,66514600
2023-09-20,423.02532958984375,438.6400146484375,444.44000244140625,438.42999267578125,444.010009765625,82562600
2023-09-21,416.033447265625,431.3900146484375,435.9700012207031,431.2300109863281,435.70001220703125,104095800
2023-09-22,415.0979919433594,430.4200134277344,434.1000061035156,429.989990234375,432.45001220703125,100829700
2023-09-25,416.8434753417969,432.2300109863281,432.2699890136719,428.7200012207031,429.1700134277344,70874500
2023-09-26,410.7195129394531,425.8800048828125,429.82000732421875,425.0199890136719,429.0899963378906,96168400
2023-09-27,410.8834533691406,426.04998779296875,427.6700134277344,422.2900085449219,427.0899963378906,104705800
2023-09-28,413.26556396484375,428.5199890136719,430.25,424.8699951171875,425.4800109863281,92258300
2023-09-29,412.2626037597656,427.4800109863281,431.8500061035156,425.9100036621094,431.6700134277344,115111300
2023-10-02,412.0986328125,427.30999755859375,428.6000061035156,424.4599914550781,426.6199951171875,83798600
2023-10-03,406.5822448730469,421.5899963378906,427.3699951171875,420.17999267578125,425.05999755859375,103760600
2023-10-04,409.5429992675781,424.6600036621094,425.42999267578125,420.55999755859375,422.07000732421875,87453000
2023-10-05,409.3886413574219,424.5,425.3699951171875,421.1700134277344,424.3599853515625,70142700
2023-10-06,414.249267578125,429.5400085449219,431.1300048828125,420.6000061035156,421.9700012207031,113273300
2023-10-09,416.9013366699219,432.2900085449219,432.8800048828125,427.010009765625,427.5799865722656,80374400
2023-10-10,419.0712585449219,434.5400085449219,437.2200012207031,432.5299987792969,432.94000244140625,78607300
2023-10-11,420.7879333496094,436.32000732421875,436.5799865722656,433.17999267578125,435.6400146484375,62451700
2023-10-12,418.2225646972656,433.6600036621094,437.3399963378906,431.2300109863281,436.95001220703125,81154200
2023-10-13,416.1394958496094,431.5,436.45001220703125,429.8800048828125,435.2099914550781,95143100
2023-10-16,420.5178527832031,436.0400085449219,437.1400146484375,433.57000732421875,433.82000732421875,75433200
2023-10-17,420.4985656738281,436.0199890136719,438.1400146484375,432.45001220703125,432.80999755859375,75324700
2023-10-18,414.8953857421875,430.2099914550781,435.17999267578125,429.0899963378906,434.19000244140625,93559800
2023-10-19,411.2499694824219,426.42999267578125,432.82000732421875,425.7300109863281,430.95001220703125,121323000
2023-10-20,406.19647216796875,421.19000244140625,426.5400085449219,421.0799865722656,425.9800109863281,123919900
2023-10-23,405.4924621582031,420.4599914550781,424.45001220703125,417.79998779296875,419.6099853515625,92035100
2023-10-24,408.5496520996094,423.6300048828125,424.82000732421875,420.739990234375,422.6499938964844,78564200
2023-10-25,402.68603515625,417.54998779296875,421.9200134277344,417.0199890136719,421.8900146484375,94223200
2023-10-26,397.864013671875,412.54998779296875,417.3299865722656,411.6000061035156,416.45001220703125,115156800
2023-10-27,396.0606994628906,410.67999267578125,414.6000061035156,409.2099914550781,414.19000244140625,107367700
2023-10-30,400.79583740234375,415.5899963378906,416.67999267578125,412.2200012207031,413.55999755859375,86562700
2023-10-31,403.31292724609375,418.20001220703125,418.5299987792969,414.2099914550781,416.17999267578125,79665200
2023-11-01,407.61419677734375,422.6600036621094,423.5,418.6499938964844,419.20001220703125,98068100
2023-11-02,415.4258728027344,430.760009765625,430.9200134277344,426.55999755859375,426.5799865722656,94938900
2023-11-03,419.2159118652344,434.69000244140625,436.2900085449219,433.010009765625,433.1400146484375,100167800
2023-11-06,420.1803283691406,435.69000244140625,436.1499938964844,433.67999267578125,435.4700012207031,67831700
2023-11-07,421.3761901855469,436.92999267578125,437.5899963378906,434.510009765625,435.69000244140625,64256100
2023-11-08,421.684814453125,437.25,438.0899963378906,434.8699951171875,437.54998779296875,61746000
2023-11-09,418.39617919921875,433.8399963378906,438.4700012207031,433.3999938964844,438.42999267578125,83174400
2023-11-10,424.92510986328125,440.6099853515625,440.92999267578125,433.8299865722656,435.9800109863281,89462200
2023-11-13,424.5201110839844,440.19000244140625,441.3299865722656,438.4200134277344,439.2300109863281,52236100
2023-11-14,432.756103515625,448.7300109863281,450.05999755859375,446.0899963378906,446.32000732421875,97176900
2023-11-15,433.6722717285156,449.67999267578125,451.3800048828125,448.79998779296875,450.1099853515625,77327600
2023-11-16,434.2027282714844,450.2300109863281,450.55999755859375,448.1199951171875,449.2200012207031,66665800
2023-11-17,434.7427978515625,450.7900085449219,451.4200134277344,449.2900085449219,450.239990234375,83133200
2023-11-20,438.0892028808594,454.260009765625,455.1300048828125,450.5199890136719,450.5299987792969,69936200
2023-11-21,437.13446044921875,453.2699890136719,454.1300048828125,451.9599914550781,453.17999267578125,49244600
2023-11-22,438.8221740722656,455.0199890136719,456.3800048828125,453.8900146484375,454.9800109863281,59394900
2023-11-24,439.09222412109375,455.29998779296875,455.5,454.7300109863281,455.07000732421875,29737400
2023-11-27,438.30145263671875,454.4800109863281,455.489990234375,454.0799865722656,454.6499938964844,50506000
2023-11-28,438.7353515625,454.92999267578125,456.2699890136719,453.5,454.0799865722656,62115000
2023-11-29,438.4267883300781,454.6099853515625,458.32000732421875,454.20001220703125,457.1499938964844,63146000
2023-11-30,440.153076171875,456.3999938964844,456.760009765625,453.3399963378906,455.4800109863281,79752700
2023-12-01,442.7569580078125,459.1000061035156,459.6499938964844,455.1600036621094,455.7699890136719,89183400
2023-12-04,440.4327697753906,456.69000244140625,459.1199951171875,454.3399963378906,455.6000061035156,72430900
2023-12-05,440.3459777832031,456.6000061035156,457.5899963378906,454.8699951171875,455.260009765625,69793500
2023-12-06,438.57147216796875,454.760009765625,458.8399963378906,454.30999755859375,458.80999755859375,69124700
2023-12-07,441.9179992675781,458.2300109863281,458.8999938964844,456.2900085449219,456.9100036621094,66995400
2023-12-08,443.8178405761719,460.20001220703125,460.75,457.2099914550781,457.4599914550781,83194400
2023-12-11,445.5440673828125,461.989990234375,462.1700134277344,459.4700012207031,459.69000244140625,65002200
2023-12-12,447.5790100097656,464.1000061035156,464.20001220703125,460.6000061035156,461.6300048828125,68327600
2023-12-13,453.75115966796875,470.5,470.760009765625,464.1199951171875,464.489990234375,93278000
2023-12-14,455.2073974609375,472.010009765625,473.7300109863281,469.25,472.5,119026000
2023-12-15,454.4578857421875,469.3299865722656,470.70001220703125,467.42999267578125,469.489990234375,141553700
2023-12-18,457.0142822265625,471.9700012207031,472.9800109863281,469.8900146484375,470.9800109863281,70375300
2023-12-19,459.7933349609375,474.8399963378906,474.9200134277344,472.45001220703125,472.5299987792969,55761800
2023-12-20,453.4217834472656,468.260009765625,475.8999938964844,467.82000732421875,473.9599914550781,102921000
2023-12-21,457.7211608886719,472.70001220703125,472.9800109863281,468.8399963378906,471.3299865722656,86667500
2023-12-22,458.6409606933594,473.6499938964844,475.3800048828125,471.70001220703125,473.8599853515625,67160400
2023-12-26,460.57763671875,475.6499938964844,476.5799865722656,473.989990234375,474.07000732421875,55387000
2023-12-27,461.410400390625,476.510009765625,476.6600036621094,474.8900146484375,475.44000244140625,68000300
2023-12-28,461.584716796875,476.69000244140625,477.54998779296875,476.260009765625,476.8800048828125,77158100
2023-12-29,460.2483825683594,475.30999755859375,477.0299987792969,473.29998779296875,476.489990234375,122283100
2024-01-02,457.6726989746094,472.6499938964844,473.6700134277344,470.489990234375,472.1600036621094,123623700
2024-01-03,453.93505859375,468.7900085449219,471.19000244140625,468.1700134277344,470.42999267578125,103585900
2024-01-04,452.472900390625,467.2799987792969,470.9599914550781,467.04998779296875,468.29998779296875,84232200
2024-01-05,453.0926513671875,467.9200134277344,470.44000244140625,466.42999267578125,467.489990234375,86118900
2024-01-08,459.5609436035156,474.6000061035156,474.75,468.29998779296875,468.42999267578125,74879100
2024-01-09,458.8637390136719,473.8800048828125,474.92999267578125,471.3500061035156,471.8699951171875,65931400
2024-01-10,461.4588317871094,476.55999755859375,477.45001220703125,473.8699951171875,474.1600036621094,67310600
2024-01-11,461.2554626464844,476.3500061035156,478.1199951171875,472.260009765625,477.5899963378906,77940700
2024-01-12,461.5750427246094,476.67999267578125,478.6000061035156,475.2300109863281,477.8399963378906,58026400
2024-01-16,459.8804626464844,474.92999267578125,476.6099853515625,473.05999755859375,475.260009765625,85014900
2024-01-17,457.3241271972656,472.2900085449219,472.7900085449219,469.8699951171875,471.82000732421875,68843900
2024-01-18,461.39105224609375,476.489990234375,477.05999755859375,472.4200134277344,474.010009765625,91856200
2024-01-19,467.142822265625,482.42999267578125,482.7200012207031,476.5400085449219,477.6499938964844,110834500
2024-01-22,468.1305236816406,483.45001220703125,485.2200012207031,482.7799987792969,484.010009765625,75844900
2024-01-23,469.49578857421875,484.8599853515625,485.1099853515625,482.8900146484375,484.010009765625,49945300
2024-01-24,470.009033203125,485.3900146484375,488.7699890136719,484.8800048828125,487.80999755859375,81765000
2024-01-25,472.5653991699219,488.0299987792969,488.30999755859375,485.3900146484375,487.5799865722656,72525000
2024-01-26,471.96502685546875,487.4100036621094,489.1199951171875,486.5400085449219,487.5899963378906,76641600
2024-01-29,475.7026672363281,491.2699890136719,491.4200134277344,487.1700134277344,487.7300109863281,61322800
2024-01-30,475.3348083496094,490.8900146484375,491.6199951171875,490.1099853515625,490.55999755859375,58618400
2024-01-31,467.57855224609375,482.8800048828125,489.0799865722656,482.8599853515625,488.6199951171875,126011100
2024-02-01,473.69830322265625,489.20001220703125,489.2300109863281,483.79998779296875,484.6300048828125,91891600
2024-02-02,478.68511962890625,494.3500061035156,496.04998779296875,489.29998779296875,489.6499938964844,99228200
2024-02-05,476.9421081542969,492.54998779296875,494.3800048828125,490.2300109863281,493.70001220703125,75757100
2024-02-06,478.3268127441406,493.9800109863281,494.32000732421875,492.04998779296875,493.5199890136719,55918600
2024-02-07,482.3162536621094,498.1000061035156,498.5299987792969,495.3599853515625,496.2900085449219,70556500
2024-02-08,482.5292663574219,498.32000732421875,498.7099914550781,497.260009765625,498.1000061035156,52343600
2024-02-09,485.3180847167969,501.20001220703125,501.6499938964844,498.489990234375,498.8399963378906,63979400
2024-02-12,485.1049499511719,500.9800109863281,503.5,500.239990234375,501.1700134277344,56502300
2024-02-13,478.4236145019531,494.0799865722656,497.0899963378906,490.7200012207031,494.5299987792969,113099200
2024-02-14,482.7713928222656,498.57000732421875,499.07000732421875,494.3999938964844,496.7900085449219,68387800
2024-02-15,486.10235595703125,502.010009765625,502.20001220703125,498.79998779296875,499.2900085449219,61683000
2024-02-16,483.68157958984375,499.510009765625,502.8699951171875,498.75,501.70001220703125,75532900
2024-02-20,481.0187072753906,496.760009765625,498.4100036621094,494.45001220703125,497.7200012207031,71736700
2024-02-21,481.4544677734375,497.2099914550781,497.3699951171875,493.55999755859375,495.4200134277344,59293400
2024-02-22,491.41839599609375,507.5,508.489990234375,503.0199890136719,504.010009765625,76402500
2024-02-23,491.7572937011719,507.8500061035156,510.1300048828125,507.1000061035156,509.2699890136719,61321800
2024-02-26,489.9562072753906,505.989990234375,508.75,505.8599853515625,508.29998779296875,50386700
2024-02-27,490.8664855957031,506.92999267578125,507.1600036621094,504.75,506.70001220703125,48854500
2024-02-28,490.2177429199219,506.260009765625,506.8599853515625,504.9599914550781,505.3299865722656,56506600
2024-02-29,491.97998046875,508.0799865722656,509.739990234375,505.3500061035156,508.07000732421875,83924800
2024-03-01,496.5988464355469,512.8499755859375,513.2899780273438,508.55999755859375,508.9800109863281,76844800
2024-03-04,496.0662841796875,512.2999877929688,514.2000122070312,512.0,512.030029296875,49799300
2024-03-05,491.10858154296875,507.17999267578125,510.70001220703125,504.9100036621094,510.239990234375,72855600
2024-03-06,493.5971374511719,509.75,512.0700073242188,508.4200134277344,510.54998779296875,68382400
2024-03-07,498.49676513671875,514.8099975585938,515.8900146484375,509.80999755859375,513.1400146484375,58652100
2024-03-08,495.5046691894531,511.7200012207031,518.219970703125,511.1300048828125,515.4600219726562,86532500
2024-03-11,495.0786437988281,511.2799987792969,511.8800048828125,508.5,510.4800109863281,62557200
2024-03-12,500.404296875,516.780029296875,517.3800048828125,510.8599853515625,513.4500122070312,73114400
2024-03-13,499.6199951171875,515.969970703125,517.2899780273438,514.489990234375,517.1099853515625,55104100
2024-03-14,498.63232421875,514.9500122070312,517.1300048828125,511.82000732421875,516.969970703125,110171800
2024-03-15,495.2084045410156,509.8299865722656,511.70001220703125,508.1199951171875,510.2099914550781,107646300
2024-03-18,498.15155029296875,512.8599853515625,515.47998046875,512.4400024414062,514.0,88893300
2024-03-19,500.9197692871094,515.7100219726562,516.0,511.1199951171875,512.1500244140625,60755300
2024-03-20,505.55291748046875,520.47998046875,520.6199951171875,515.0800170898438,515.77001953125,69594600
2024-03-21,507.2236328125,522.2000122070312,524.1099853515625,521.9099731445312,523.3900146484375,60256100
2024-03-22,506.2620544433594,521.2100219726562,522.6099853515625,520.969970703125,522.1099853515625,79070800
2024-03-25,504.8634338378906,519.77001953125,520.9500122070312,519.6099853515625,519.7999877929688,48512100
2024-03-26,503.9308166503906,518.8099975585938,521.5800170898438,518.4000244140625,521.22998046875,65463700
2024-03-27,508.1658630371094,523.1699829101562,523.2100219726562,519.489990234375,521.7100219726562,82999800
2024-03-28,508.0687561035156,523.0700073242188,524.6099853515625,522.780029296875,523.2100219726562,96294900
2024-04-01,507.1847229003906,522.1599731445312,524.3800048828125,520.969970703125,523.8300170898438,62477500
2024-04-02,503.9601135253906,518.8400268554688,518.97998046875,516.47998046875,518.239990234375,74230300
2024-04-03,504.513671875,519.4099731445312,520.9500122070312,517.6699829101562,517.719970703125,59155800
2024-04-04,498.35552978515625,513.0700073242188,523.8699951171875,512.760009765625,523.52001953125,96858100
2024-04-05,503.5617980957031,518.4299926757812,520.4400024414062,514.010009765625,514.4600219726562,74546500
2024-04-08,503.84344482421875,518.719970703125,520.1799926757812,517.8900146484375,519.1500244140625,48401800
2024-04-09,504.4263000488281,519.3200073242188,520.75,514.3499755859375,520.5,68049200
2024-04-10,499.3753356933594,514.1199951171875,516.1599731445312,512.0900268554688,513.47998046875,82652800
2024-04-11,503.1441345214844,518.0,519.47998046875,512.0800170898438,515.6799926757812,70099000
2024-04-12,496.1991882324219,510.8500061035156,515.8200073242188,509.0799865722656,514.3699951171875,92561100
2024-04-15,489.9827575683594,504.45001220703125,515.2999877929688,503.5799865722656,515.1300048828125,92101400
2024-04-16,489.0890808105469,503.5299987792969,506.5,502.2099914550781,504.94000244140625,73484000
2024-04-17,486.1945495605469,500.54998779296875,506.2200012207031,499.1199951171875,506.04998779296875,75910300
2024-04-18,485.1941833496094,499.5199890136719,504.1300048828125,498.55999755859375,501.9800109863281,74548100
2024-04-19,480.9591979980469,495.1600036621094,500.4599914550781,493.8599853515625,499.44000244140625,102212600
2024-04-22,485.3884582519531,499.7200012207031,502.3800048828125,495.42999267578125,497.8299865722656,67961000
2024-04-23,491.1482849121094,505.6499938964844,506.0899963378906,499.5299987792969,501.7799987792969,64633600
2024-04-24,490.9151916503906,505.4100036621094,507.3699951171875,503.1300048828125,506.55999755859375,55928100
2024-04-25,489.05023193359375,503.489990234375,504.2699890136719,497.489990234375,499.17999267578125,69122400
2024-04-26,493.6834716796875,508.260009765625,509.8800048828125,505.70001220703125,506.3500061035156,64306100
2024-04-29,495.4317932128906,510.05999755859375,510.75,507.25,510.0899963378906,46415400
2024-04-30,487.5836181640625,501.9800109863281,509.55999755859375,501.9800109863281,508.55999755859375,77483600
2024-05-01,486.0002746582031,500.3500061035156,508.19000244140625,499.8699951171875,501.3800048828125,80242800
2024-05-02,490.5461120605469,505.0299987792969,505.8900146484375,499.54998779296875,504.1499938964844,62550200
2024-05-03,496.6265563964844,511.2900085449219,512.5499877929688,508.55999755859375,511.1600036621094,72756700
2024-05-06,501.7550964355469,516.5700073242188,516.6099853515625,513.2999877929688,513.75,47264700
2024-05-07,502.308837890625,517.1400146484375,518.5700073242188,516.4500122070312,517.5599975585938,52561300
2024-05-08,502.3573303222656,517.1900024414062,517.739990234375,515.1400146484375,515.260009765625,42047200
2024-05-09,505.2518005371094,520.1699829101562,520.2100219726562,516.7100219726562,517.3800048828125,43643700
2024-05-10,505.90264892578125,520.8400268554688,522.6400146484375,519.5900268554688,521.8099975585938,52233200
2024-05-13,505.970703125,520.9099731445312,522.6699829101562,519.739990234375,522.5599975585938,36716400
2024-05-14,508.2921447753906,523.2999877929688,523.8300170898438,520.5599975585938,521.1099853515625,57535900
2024-05-15,514.5863647460938,529.780029296875,530.0800170898438,525.1799926757812,525.8300170898438,59504900
2024-05-16,513.5275268554688,528.6900024414062,531.52001953125,528.5399780273438,529.8800048828125,50244800
2024-05-17,514.2656860351562,529.4500122070312,529.52001953125,527.3200073242188,528.8099975585938,59187600
2024-05-20,514.858154296875,530.0599975585938,531.5599975585938,529.1699829101562,529.5700073242188,37764200
2024-05-21,516.1209716796875,531.3599853515625,531.52001953125,529.0700073242188,529.280029296875,33437000
2024-05-22,514.634765625,529.8300170898438,531.3800048828125,527.5999755859375,530.6500244140625,48390000
2024-05-23,510.8758850097656,525.9600219726562,533.0700073242188,524.719970703125,532.9600219726562,57211200
2024-05-24,514.256103515625,529.4400024414062,530.27001953125,526.8800048828125,527.8499755859375,41291100
2024-05-28,514.6153564453125,529.8099975585938,530.510009765625,527.1099853515625,530.27001953125,36269600
2024-05-29,511.01177978515625,526.0999755859375,527.3099975585938,525.3699951171875,525.6799926757812,45190300
2024-05-30,507.6219482421875,522.6099853515625,525.2000122070312,521.3300170898438,524.52001953125,46377600
2024-05-31,512.245361328125,527.3699951171875,527.5,518.3599853515625,523.5900268554688,90785800
2024-06-03,512.6630859375,527.7999877929688,529.3099975585938,522.5999755859375,529.02001953125,46835700
2024-06-04,513.2361450195312,528.3900146484375,529.1500244140625,524.9600219726562,526.4600219726562,34632700
2024-06-05,519.3361206054688,534.6699829101562,534.6900024414062,528.72998046875,530.77001953125,47610400
2024-06-06,519.3262329101562,534.6599731445312,535.4199829101562,532.6799926757812,534.97998046875,30808500
2024-06-07,518.6949462890625,534.010009765625,536.8900146484375,532.5399780273438,533.6599731445312,43224500
2024-06-10,520.2976684570312,535.6599731445312,535.989990234375,532.5700073242188,533.1799926757812,35686100
2024-06-11,521.5506591796875,536.9500122070312,537.010009765625,532.0499877929688,534.0700073242188,36383400
2024-06-12,525.8341674804688,541.3599853515625,544.1199951171875,540.2999877929688,541.6300048828125,63251300
2024-06-13,526.8930053710938,542.4500122070312,543.3300170898438,539.5900268554688,543.1500244140625,44760900
2024-06-14,527.21337890625,542.780029296875,542.8099975585938,539.8499755859375,540.8800048828125,40089900
2024-06-17,531.4096069335938,547.0999755859375,548.530029296875,541.6099853515625,542.0800170898438,55839500
2024-06-18,532.759765625,548.489990234375,548.6199951171875,546.72998046875,547.1599731445312,41376400
2024-06-20,531.3123779296875,547.0,550.1199951171875,545.1799926757812,549.4400024414062,70328200
2024-06-21,530.6001586914062,544.510009765625,545.6500244140625,543.02001953125,544.4000244140625,64338600
2024-06-24,528.875244140625,542.739990234375,546.9500122070312,542.6199951171875,544.3300170898438,45528700
2024-06-25,530.9119873046875,544.8300170898438,545.2000122070312,542.4400024414062,543.989990234375,37936200
2024-06-26,531.5746459960938,545.510009765625,546.239990234375,543.030029296875,543.6900024414062,38550600
2024-06-27,532.41259765625,546.3699951171875,546.9600219726562,544.6099853515625,545.3699951171875,35041500
2024-06-28,530.3175048828125,544.219970703125,550.280029296875,542.9500122070312,547.1599731445312,76144500
2024-07-01,531.408935546875,545.3400268554688,545.8800048828125,542.52001953125,545.6300048828125,40297800
2024-07-02,534.9851684570312,549.010009765625,549.010009765625,543.6500244140625,543.7000122070312,40434800
2024-07-03,537.37255859375,551.4600219726562,551.8300170898438,548.6500244140625,548.6900024414062,32789900
2024-07-05,540.4713134765625,554.6400146484375,555.0499877929688,551.1199951171875,551.77001953125,41488400
2024-07-08,541.094970703125,555.280029296875,556.25,554.1900024414062,555.4400024414062,36110500
2024-07-09,541.6212158203125,555.8200073242188,557.1799926757812,555.52001953125,556.260009765625,27289700
2024-07-10,546.980712890625,561.3200073242188,561.6699829101562,556.77001953125,557.0700073242188,38701200
2024-07-11,542.2642822265625,556.47998046875,562.3300170898438,555.8300170898438,561.4400024414062,53054200
2024-07-12,545.6846313476562,559.989990234375,563.6699829101562,557.1500244140625,557.6300048828125,53084400
2024-07-15,547.1854248046875,561.530029296875,564.8400268554688,559.6300048828125,562.030029296875,40584300
2024-07-16,550.4302978515625,564.8599853515625,565.1599731445312,562.0999755859375,562.8699951171875,36475300
2024-07-17,542.7125854492188,556.9400024414062,560.510009765625,556.6099853515625,558.7999877929688,57119000
2024-07-18,538.5418090820312,552.6599731445312,559.52001953125,550.4299926757812,558.510009765625,56270400
2024-07-19,534.9656372070312,548.989990234375,554.0800170898438,547.9099731445312,552.4199829101562,65509100
2024-07-22,540.4810791015625,554.6500244140625,555.27001953125,551.02001953125,553.0,43346700
2024-07-23,539.6332397460938,553.780029296875,556.739990234375,553.280029296875,554.5399780273438,34439600
2024-07-24,527.40380859375,541.22998046875,549.1699829101562,540.2899780273438,548.8599853515625,74515300
2024-07-25,524.6559448242188,538.4099731445312,547.4600219726562,537.4500122070312,541.3499755859375,61158300
2024-07-26,530.5318603515625,544.4400024414062,547.1900024414062,541.489990234375,542.280029296875,53763800
2024-07-29,530.84375,544.760009765625,547.0499877929688,542.719970703125,546.02001953125,39515800
2024-07-30,528.1541748046875,542.0,547.3400268554688,538.52001953125,546.260009765625,46853600
2024-07-31,536.7391967773438,550.8099975585938,553.5,547.5800170898438,548.97998046875,65663400
2024-08-01,529.1384887695312,543.010009765625,554.8699951171875,539.4299926757812,552.5700073242188,76428700
2024-08-02,519.2866821289062,532.9000244140625,536.989990234375,528.5999755859375,535.75,82789100
2024-08-05,504.1631774902344,517.3800048828125,523.5800170898438,510.2699890136719,511.6400146484375,146267400
2024-08-06,508.8114013671875,522.1500244140625,529.75,517.8699951171875,519.219970703125,84826300
2024-08-07,505.41046142578125,518.6599731445312,531.5900268554688,518.0499877929688,528.469970703125,70698300
2024-08-08,517.0942993164062,530.6500244140625,531.2899780273438,521.8400268554688,523.9099731445312,63276600
2024-08-09,519.3743896484375,532.989990234375,534.510009765625,528.5599975585938,529.8099975585938,45619600
2024-08-12,519.6472778320312,533.27001953125,535.72998046875,530.9500122070312,534.2100219726562,42542100
2024-08-13,528.1931762695312,542.0399780273438,542.280029296875,536.280029296875,536.530029296875,52333100
2024-08-14,529.8594970703125,543.75,544.9600219726562,540.1199951171875,542.8499755859375,42446900
2024-08-15,538.94140625,553.0700073242188,553.3599853515625,548.8800048828125,549.5,60846800
2024-08-16,540.1497192382812,554.3099975585938,555.02001953125,551.260009765625,551.4199829101562,44430700
2024-08-19,545.3143920898438,559.6099853515625,559.6099853515625,553.8599853515625,554.72998046875,39121800
2024-08-20,544.4276123046875,558.7000122070312,560.8400268554688,557.3300170898438,559.1500244140625,33732300
2024-08-21,546.298583984375,560.6199951171875,562.1099853515625,554.72998046875,559.77001953125,41514600
2024-08-22,542.0108642578125,556.219970703125,563.1799926757812,554.97998046875,562.5599975585938,56121500
2024-08-23,547.7699584960938,562.1300048828125,563.0900268554688,557.2899780273438,559.530029296875,50639400
2024-08-26,546.4642333984375,560.7899780273438,563.9099731445312,559.0499877929688,563.1799926757812,35788600
2024-08-27,547.2145385742188,561.5599975585938,562.0599975585938,558.3200073242188,559.489990234375,32693900
2024-08-28,544.0377807617188,558.2999877929688,561.6500244140625,555.0399780273438,561.2100219726562,41066000
2024-08-29,544.0865478515625,558.3499755859375,563.6799926757812,557.1799926757812,560.3099975585938,38715200
2024-08-30,549.2804565429688,563.6799926757812,564.2000122070312,557.1400146484375,560.77001953125,62700100
2024-09-03,537.9767456054688,552.0800170898438,560.8099975585938,549.510009765625,560.469970703125,60600100
2024-09-04,536.8755493164062,550.9500122070312,554.4299926757812,549.4600219726562,550.2000122070312,47224900
2024-09-05,535.5697631835938,549.6099853515625,553.7999877929688,547.0999755859375,550.8900146484375,44264300
2024-09-06,526.5560913085938,540.3599853515625,551.5999755859375,539.4400024414062,549.9400024414062,68493800
2024-09-09,532.4515380859375,546.4099731445312,547.7100219726562,542.6799926757812,544.6500244140625,40445800
2024-09-10,534.770751953125,548.7899780273438,549.1500244140625,543.3800048828125,548.3599853515625,36394600
2024-09-11,540.2568359375,554.4199829101562,555.3599853515625,539.9600219726562,548.7000122070312,75248600
2024-09-12,544.8076171875,559.0900268554688,559.4000244140625,552.739990234375,555.010009765625,51819600
2024-09-13,547.653076171875,562.010009765625,563.030029296875,559.4500122070312,559.7100219726562,39310500
2024-09-16,548.4619750976562,562.8400268554688,563.1099853515625,559.9000244140625,561.739990234375,36656100
2024-09-17,548.6859741210938,563.0700073242188,566.5800170898438,560.7899780273438,565.0999755859375,49321000
2024-09-18,547.0587158203125,561.4000244140625,568.6900024414062,560.8300170898438,563.739990234375,59044900
2024-09-19,556.3939208984375,570.97998046875,572.8800048828125,568.0800170898438,571.010009765625,75315500
2024-09-20,555.4320068359375,568.25,569.3099975585938,565.1699829101562,567.8400268554688,77503100
2024-09-23,556.820068359375,569.6699829101562,570.3300170898438,568.0999755859375,569.3400268554688,44116900
2024-09-24,558.413330078125,571.2999877929688,571.3599853515625,567.5999755859375,570.47998046875,46805700
2024-09-25,557.1815795898438,570.0399780273438,571.8900146484375,568.9099731445312,571.1400146484375,38428600
2024-09-26,559.3906860351562,572.2999877929688,574.7100219726562,569.9000244140625,574.3800048828125,48336000
2024-09-27,558.5794677734375,571.469970703125,574.219970703125,570.4199829101562,573.3900146484375,42100900
2024-09-30,560.81787109375,573.760009765625,574.3800048828125,568.0800170898438,570.4199829101562,63557400
2024-10-01,555.7938232421875,568.6199951171875,574.0599975585938,566.0,573.4000244140625,72668800
2024-10-02,556.0281982421875,568.8599853515625,569.9000244140625,565.27001953125,567.7100219726562,38097800
2024-10-03,555.0118408203125,567.8200073242188,569.7999877929688,565.489990234375,567.3599853515625,40846500
2024-10-04,560.0552978515625,572.97998046875,573.3599853515625,568.0999755859375,572.3499755859375,42939100
2024-10-07,554.9923095703125,567.7999877929688,571.9600219726562,566.6300048828125,571.2999877929688,49964700
2024-10-08,560.2412109375,573.1699829101562,573.780029296875,569.530029296875,570.4199829101562,37398700
2024-10-09,564.12158203125,577.1400146484375,577.7100219726562,572.5499877929688,573.1599731445312,37912200
2024-10-10,563.1343383789062,576.1300048828125,577.5800170898438,574.489990234375,575.77001953125,44138100
2024-10-11,566.5065307617188,579.5800170898438,580.3300170898438,575.9099731445312,576.0499877929688,42268000
2024-10-14,571.1397094726562,584.3200073242188,585.27001953125,580.72998046875,581.219970703125,36217200
2024-10-15,566.7020874023438,579.780029296875,584.9000244140625,578.5399780273438,584.5900268554688,54203600
2024-10-16,569.1651000976562,582.2999877929688,582.8300170898438,578.9600219726562,579.780029296875,30725400
2024-10-17,569.2140502929688,582.3499755859375,586.1199951171875,582.1599731445312,585.9099731445312,34393700
2024-10-18,571.403564453125,584.5900268554688,585.3900146484375,582.5800170898438,584.0700073242188,37416800
2024-10-21,570.465087890625,583.6300048828125,584.8499755859375,580.5999755859375,583.8499755859375,36439000
2024-10-22,570.1621704101562,583.3200073242188,584.5,580.3800048828125,581.0499877929688,34183800
2024-10-23,564.952392578125,577.989990234375,581.7100219726562,574.4199829101562,581.260009765625,49314600
2024-10-24,566.1742553710938,579.239990234375,580.0599975585938,576.5700073242188,579.97998046875,34979900
2024-10-25,565.9786376953125,579.0399780273438,584.4600219726562,578.0800170898438,581.510009765625,47268200
2024-10-28,567.7283935546875,580.8300170898438,582.7100219726562,580.52001953125,582.5800170898438,30174700
2024-10-29,568.6470947265625,581.77001953125,582.9099731445312,578.4299926757812,579.8499755859375,42899700
2024-10-30,566.9268188476562,580.010009765625,583.3200073242188,579.2899780273438,581.2899780273438,41435800
2024-10-31,555.8133544921875,568.6400146484375,575.6300048828125,568.4400024414062,575.5599975585938,60182500
2024-11-01,558.1591186523438,571.0399780273438,575.5499877929688,570.6199951171875,571.3200073242188,45667500
2024-11-04,556.9569091796875,569.8099975585938,572.5,567.8900146484375,571.1799926757812,38217000
2024-11-05,563.6914672851562,576.7000122070312,576.739990234375,570.52001953125,570.739990234375,39478300
2024-11-06,577.7079467773438,591.0399780273438,591.9299926757812,585.3900146484375,589.2000122070312,68182000
2024-11-07,582.1749877929688,595.6099853515625,596.6500244140625,593.0,593.0800170898438,47233200
2024-11-08,584.69677734375,598.1900024414062,599.6400146484375,596.1699829101562,596.1699829101562,46444900
2024-11-11,585.25390625,598.760009765625,600.1699829101562,597.0,599.8099975585938,37586800
2024-11-12,583.4359741210938,596.9000244140625,599.2899780273438,594.3699951171875,598.6799926757812,43006100
2024-11-13,583.7193603515625,597.1900024414062,599.22998046875,594.9600219726562,597.3699951171875,47388600
2024-11-14,579.9659423828125,593.3499755859375,597.8099975585938,592.6500244140625,597.3200073242188,38904100
2024-11-15,572.5374145507812,585.75,590.2000122070312,583.8599853515625,589.719970703125,75988800
2024-11-18,574.8832397460938,588.1500244140625,589.489990234375,585.3400268554688,586.219970703125,37001700
2024-11-19,576.9847412109375,590.2999877929688,591.0399780273438,584.030029296875,584.7100219726562,49412000
2024-11-20,577.1802368164062,590.5,590.7899780273438,584.6300048828125,590.3800048828125,50032600
2024-11-21,580.2787475585938,593.6699829101562,595.1199951171875,587.4500122070312,593.4000244140625,46750300
2024-11-22,582.0773315429688,595.510009765625,596.1500244140625,593.1500244140625,593.6599731445312,38226400
2024-11-25,584.0516967773438,597.530029296875,600.8599853515625,595.2000122070312,599.52001953125,42441400
2024-11-26,587.101318359375,600.6500244140625,601.3300170898438,598.0700073242188,598.7999877929688,45621300
2024-11-27,585.322265625,598.8300170898438,600.8499755859375,597.280029296875,600.4600219726562,34000200
2024-11-29,588.9583740234375,602.5499877929688,603.3499755859375,599.3800048828125,599.6599731445312,30177400
2024-12-02,590.0140991210938,603.6300048828125,604.3200073242188,602.469970703125,602.969970703125,31746000
2024-12-03,590.2877197265625,603.9099731445312,604.1599731445312,602.3400268554688,603.3900146484375,26906600
2024-12-04,593.9530639648438,607.6599731445312,607.9099731445312,604.9500122070312,605.6300048828125,42787600
2024-12-05,592.9756469726562,606.6599731445312,608.47998046875,606.2999877929688,607.6599731445312,28762200
2024-12-06,594.0997924804688,607.8099975585938,609.0700073242188,607.02001953125,607.4400024414062,31241500
2024-12-09,591.0403442382812,604.6799926757812,607.8599853515625,604.0800170898438,607.6900024414062,34742700
2024-12-10,589.2027587890625,602.7999877929688,605.7999877929688,602.1300048828125,605.3699951171875,37234500
2024-12-11,593.7576293945312,607.4600219726562,608.4299926757812,605.5,605.780029296875,28677700
2024-12-12,590.6982421875,604.3300170898438,607.1599731445312,604.3300170898438,606.5800170898438,31543800
2024-12-13,590.5809936523438,604.2100219726562,607.1300048828125,602.8099975585938,606.4000244140625,35904700
2024-12-16,593.102783203125,606.7899780273438,607.780029296875,605.2100219726562,606.0,43695200
2024-12-17,590.6591186523438,604.2899780273438,605.1699829101562,602.8900146484375,604.1900024414062,55773500
2024-12-18,573.0554809570312,586.280029296875,606.4099731445312,585.8900146484375,603.97998046875,108248700
2024-12-19,572.8794555664062,586.0999755859375,593.0,585.8499755859375,591.3599853515625,85919500
2024-12-20,579.7603149414062,591.1500244140625,595.75,580.9099731445312,581.77001953125,125716700
2024-12-23,583.2321166992188,594.6900024414062,595.2999877929688,587.6599731445312,590.8900146484375,57635800
2024-12-24,589.7147216796875,601.2999877929688,601.3400268554688,595.469970703125,596.0599975585938,33160100
2024-12-26,589.7540283203125,601.3400268554688,602.47998046875,598.0800170898438,599.5,41219100
2024-12-27,583.5459594726562,595.010009765625,597.780029296875,590.760009765625,597.5399780273438,64969300
2024-12-30,576.88671875,588.219970703125,591.739990234375,584.4099731445312,587.8900146484375,56578800
2024-12-31,574.7879638671875,586.0800170898438,590.6400146484375,584.4199829101562,589.9099731445312,57052700
2025-01-02,573.375732421875,584.6400146484375,591.1300048828125,580.5,589.3900146484375,50204000
2025-01-03,580.544921875,591.9500122070312,592.5999755859375,586.4299926757812,587.530029296875,37888500
2025-01-06,583.88916015625,595.3599853515625,599.7000122070312,593.5999755859375,596.27001953125,47679400
2025-01-07,577.288818359375,588.6300048828125,597.75,586.780029296875,597.4199829101562,60393100
2025-01-08,578.1322021484375,589.489990234375,590.5800170898438,585.2000122070312,588.7000122070312,47304700
2025-01-10,569.3057250976562,580.489990234375,585.9500122070312,578.5499877929688,585.8800048828125,73105000
2025-01-13,570.1883544921875,581.3900146484375,581.75,575.3499755859375,575.77001953125,47910100
2025-01-14,570.9730224609375,582.1900024414062,585.0,578.3499755859375,584.3599853515625,48420600
2025-01-15,581.3588256835938,592.780029296875,593.9400024414062,589.2000122070312,590.3300170898438,56900200
2025-01-16,580.2408447265625,591.6400146484375,594.3499755859375,590.9299926757812,594.1699829101562,43319700
2025-01-17,586.0663452148438,597.5800170898438,599.3599853515625,595.6099853515625,596.9600219726562,58070600
2025-01-21,591.4309692382812,603.0499877929688,603.0599975585938,598.6699829101562,600.6699829101562,42532900
2025-01-22,594.7556762695312,606.4400024414062,607.8200073242188,605.3599853515625,605.9199829101562,48196000
2025-01-23,598.0018920898438,609.75,609.75,605.52001953125,605.7999877929688,41152100
2025-01-24,596.2561645507812,607.969970703125,610.780029296875,606.7999877929688,609.8099975585938,34604700
2025-01-27,587.8218994140625,599.3699951171875,599.6900024414062,594.6400146484375,594.8099975585938,70361100
2025-01-28,592.8727416992188,604.52001953125,605.3699951171875,597.25,600.6199951171875,44433300
2025-01-29,590.2149658203125,601.8099975585938,604.1300048828125,599.219970703125,603.719970703125,37177400
2025-01-30,593.3826904296875,605.0399780273438,606.5999755859375,600.719970703125,603.9600219726562,39281300
2025-01-31,590.2246704101562,601.8200073242188,609.9600219726562,601.0499877929688,607.5,66566900
2025-02-03,586.252685546875,597.77001953125,600.2899780273438,590.489990234375,592.6699829101562,65857200
2025-02-04,590.185546875,601.780029296875,602.2999877929688,597.280029296875,597.8300170898438,33457800
2025-02-05,592.5784301757812,604.219970703125,604.3699951171875,598.5800170898438,600.6400146484375,30653100
2025-02-06,594.637939453125,606.3200073242188,606.4500122070312,602.6300048828125,605.989990234375,35771500
2025-02-07,589.1949462890625,600.77001953125,608.1300048828125,600.0499877929688,606.8900146484375,50788500
2025-02-10,593.1963500976562,604.8499755859375,605.5,602.739990234375,604.030029296875,26048700
2025-02-11,593.6475219726562,605.3099975585938,605.8599853515625,602.4299926757812,602.5499877929688,30056700
2025-02-12,591.7350463867188,603.3599853515625,604.5499877929688,598.510009765625,599.2000122070312,45076100
2025-02-13,597.9822998046875,609.72998046875,609.9400024414062,603.2000122070312,604.47998046875,40921300
2025-02-14,597.952880859375,609.7000122070312,610.989990234375,609.0700073242188,609.9400024414062,26910400
2025-02-18,599.7083129882812,611.489990234375,611.489990234375,608.3800048828125,610.8800048828125,26749000
2025-02-19,601.1206665039062,612.9299926757812,613.22998046875,609.5599975585938,610.0800170898438,31011100
2025-02-20,598.6197509765625,610.3800048828125,611.6799926757812,607.02001953125,611.5399780273438,36554000
2025-02-21,588.380859375,599.9400024414062,610.2999877929688,599.469970703125,610.1599731445312,76519800
2025-02-24,585.70361328125,597.2100219726562,603.030029296875,596.489990234375,602.02001953125,50737200
2025-02-25,582.790771484375,594.239990234375,597.8900146484375,589.5599975585938,597.1500244140625,58266500
2025-02-26,583.0849609375,594.5399780273438,599.5800170898438,591.8599853515625,595.9299926757812,43321600
2025-02-27,573.7777099609375,585.0499877929688,598.02001953125,584.6500244140625,596.8499755859375,74196700
2025-02-28,582.7318725585938,594.1799926757812,594.719970703125,582.4400024414062,585.5599975585938,88744100
2025-03-03,572.5223999023438,583.77001953125,597.3400268554688,579.9000244140625,596.1799926757812,74249200
2025-03-04,565.7455444335938,576.8599853515625,585.3900146484375,572.25,579.7100219726562,109648200
2025-03-05,571.826171875,583.0599975585938,584.8800048828125,573.0800170898438,576.6900024414062,71230500
2025-03-06,561.675537109375,572.7100219726562,580.1699829101562,570.1199951171875,575.47998046875,80094900
2025-03-07,564.8236083984375,575.9199829101562,577.3900146484375,565.6300048828125,570.9000244140625,81158800
2025-03-10,549.779296875,560.5800170898438,569.5399780273438,555.5900268554688,567.5900268554688,99326600
2025-03-11,545.2090454101562,555.9199829101562,564.02001953125,552.02001953125,559.4000244140625,88102100
2025-03-12,548.1022338867188,558.8699951171875,563.1099853515625,553.6900024414062,562.1699829101562,69588200
2025-03-13,540.7957763671875,551.4199829101562,559.1099853515625,549.6799926757812,558.489990234375,74079400
2025-03-14,551.96630859375,562.8099975585938,563.8300170898438,551.489990234375,556.1099853515625,62660300
2025-03-17,556.2227172851562,567.1500244140625,569.7100219726562,562.3499755859375,562.7899780273438,49008700
2025-03-18,550.2108764648438,561.02001953125,565.02001953125,559.0599975585938,564.7999877929688,66041400
2025-03-19,556.2030639648438,567.1300048828125,570.9500122070312,561.6300048828125,562.8300170898438,66556000
2025-03-20,554.5947265625,565.489990234375,570.5700073242188,562.5999755859375,563.3300170898438,62958200
2025-03-21,554.7776489257812,563.97998046875,564.8900146484375,558.030029296875,559.280029296875,83763000
2025-03-24,564.7128295898438,574.0800170898438,575.1500244140625,570.2000122070312,570.7999877929688,58766800
2025-03-25,566.0703735351562,575.4600219726562,576.4099731445312,573.6900024414062,575.2999877929688,38355700
2025-03-26,559.3123779296875,568.5900268554688,576.3300170898438,567.1900024414062,575.1900024414062,51848300
2025-03-27,557.8270263671875,567.0800170898438,570.9000244140625,564.9400024414062,567.1799926757812,42164200
2025-03-28,546.5933227539062,555.6599731445312,566.27001953125,555.0700073242188,565.530029296875,71662700
2025-03-31,550.2625732421875,559.3900146484375,560.7100219726562,546.8699951171875,549.8300170898438,95328200
2025-04-01,551.8167114257812,560.969970703125,562.9400024414062,553.6799926757812,557.4500122070312,54609600
2025-04-02,555.308837890625,564.52001953125,567.4199829101562,554.8099975585938,555.0499877929688,76014500
2025-04-03,527.9428100585938,536.7000122070312,547.969970703125,536.7000122070312,545.1099853515625,125986000
2025-04-04,497.03546142578125,505.2799987792969,525.8699951171875,505.05999755859375,523.6699829101562,217965100
2025-04-07,496.150146484375,504.3800048828125,523.1699829101562,481.79998779296875,489.19000244140625,256611400
2025-04-08,488.3790283203125,496.4800109863281,524.97998046875,489.1600036621094,521.8599853515625,165816600
2025-04-09,539.6683349609375,548.6199951171875,548.6199951171875,493.04998779296875,493.44000244140625,241867300
2025-04-10,516.0205078125,524.5800170898438,533.5,509.32000732421875,532.1699829101562,162331200
2025-04-11,525.227783203125,533.9400024414062,536.4299926757812,520.0700073242188,523.010009765625,97866300
2025-04-14,530.3232421875,539.1199951171875,544.280029296875,533.8599853515625,544.0499877929688,68034000
2025-04-15,528.837890625,537.6099853515625,543.22998046875,536.8099975585938,539.6699829101562,56892900
2025-04-16,517.0828857421875,525.6599731445312,537.8900146484375,520.2899780273438,531.6799926757812,83484800
2025-04-17,517.8206787109375,526.4099731445312,531.1699829101562,523.9099731445312,527.6400146484375,79868100
2025-04-21,505.4951171875,513.8800048828125,521.7000122070312,508.4599914550781,521.1599731445312,69368100
2025-04-22,518.64697265625,527.25,529.2999877929688,519.1900024414062,520.1400146484375,75948100
2025-04-23,526.6837158203125,535.4199829101562,545.4299926757812,533.8800048828125,540.4299926757812,90590700
2025-04-24,537.769775390625,546.6900024414062,547.4299926757812,535.4500122070312,536.719970703125,64150400
2025-04-25,541.6553344726562,550.6400146484375,551.0499877929688,543.6900024414062,546.6500244140625,61119600
2025-04-28,541.8618774414062,550.8499755859375,553.5499877929688,545.02001953125,551.3900146484375,47613800
2025-04-29,545.2752075195312,554.3200073242188,555.4500122070312,548.5499877929688,548.9099731445312,47775100
2025-04-30,545.4917602539062,554.5399780273438,556.52001953125,541.52001953125,547.5700073242188,93101500
2025-05-01,549.3575439453125,558.469970703125,564.0700073242188,557.8599853515625,560.3699951171875,63186100
2025-05-02,557.51220703125,566.760009765625,568.3800048828125,562.3800048828125,564.72998046875,60717300
2025-05-05,554.3153076171875,563.510009765625,566.6500244140625,561.7000122070312,562.5700073242188,38659200
2025-05-06,549.68212890625,558.7999877929688,563.3499755859375,556.9600219726562,557.9299926757812,48264700
2025-05-07,551.9938354492188,561.1500244140625,563.8200073242188,556.0399780273438,560.1500244140625,55588000
2025-05-08,555.8399658203125,565.0599975585938,570.3099975585938,561.7000122070312,565.239990234375,65130800
2025-05-09,555.1318359375,564.3400268554688,567.5,562.760009765625,566.47998046875,37603400
2025-05-12,573.4774169921875,582.989990234375,583.0,577.0399780273438,581.469970703125,78993600
2025-05-13,577.2646484375,586.8400268554688,589.0800170898438,582.8400268554688,583.4099731445312,67947200
2025-05-14,578.0023803710938,587.5900268554688,588.97998046875,585.5399780273438,587.8099975585938,66283500
2025-05-15,580.8255004882812,590.4600219726562,590.969970703125,585.0999755859375,585.5599975585938,71268100
2025-05-16,584.504638671875,594.2000122070312,594.5,589.280029296875,591.25,76052100
2025-05-19,585.1439819335938,594.8499755859375,595.5399780273438,588.0999755859375,588.0999755859375,68168500
2025-05-20,583.1764526367188,592.8499755859375,594.0499877929688,589.5999755859375,593.0900268554688,60614500
2025-05-21,573.349609375,582.8599853515625,592.5800170898438,581.8200073242188,588.4400024414062,95197700
2025-05-22,573.5757446289062,583.0900268554688,586.6199951171875,581.4099731445312,582.6599731445312,70860400
2025-05-23,569.6607666015625,579.1099853515625,581.8099975585938,575.5999755859375,575.97998046875,76029000
2025-05-27,581.5043334960938,591.1500244140625,591.3099975585938,578.4299926757812,586.0700073242188,72588500
2025-05-28,578.14013671875,587.72998046875,592.77001953125,586.989990234375,591.5599975585938,68445500
2025-05-29,580.4223022460938,590.0499877929688,593.2000122070312,586.0700073242188,593.0599975585938,69973300
2025-05-30,579.7730102539062,589.3900146484375,591.1300048828125,583.239990234375,588.9299926757812,90601200
2025-06-02,583.0389404296875,592.7100219726562,592.7899780273438,585.0599975585938,587.760009765625,61630500
2025-06-03,586.3637084960938,596.0900268554688,597.0800170898438,591.8499755859375,592.3400268554688,63606200
2025-06-04,586.2063598632812,595.9299926757812,597.9500122070312,595.489990234375,596.9600219726562,57314200
2025-06-05,583.373291015625,593.0499877929688,599.0,591.0499877929688,597.6300048828125,92278700
2025-06-06,589.364013671875,599.1400146484375,600.8300170898438,596.8599853515625,598.6599731445312,66588700
2025-06-09,589.8951416015625,599.6799926757812,601.25,598.489990234375,599.719970703125,53016400
2025-06-10,593.2396240234375,603.0800170898438,603.469970703125,599.0900268554688,600.219970703125,66247000
2025-06-11,591.5477905273438,601.3599853515625,605.0599975585938,599.27001953125,604.1900024414062,73658200
2025-06-12,593.898681640625,603.75,603.75,599.52001953125,600.010009765625,64129000
2025-06-13,587.2589111328125,597.0,601.8499755859375,595.47998046875,598.5,89506000
2025-06-16,592.84619140625,602.6799926757812,604.4500122070312,600.219970703125,600.4000244140625,79984100
2025-06-17,587.7802124023438,597.530029296875,601.75,596.760009765625,600.2100219726562,82209400
2025-06-18,587.6917114257812,597.4400024414062,601.219970703125,596.469970703125,598.4400024414062,76605000
2025-06-20,586.3114013671875,594.280029296875,599.4600219726562,592.8599853515625,598.3800048828125,94051400
2025-06-23,592.1027221679688,600.1500244140625,600.5399780273438,591.8900146484375,595.0399780273438,87426000
2025-06-24,598.6439208984375,606.780029296875,607.8499755859375,603.4099731445312,604.3300170898438,67735300
2025-06-25,598.9793701171875,607.1199951171875,608.6099853515625,605.5399780273438,607.9099731445312,62114800
2025-06-26,603.6656494140625,611.8699951171875,612.3099975585938,608.3699951171875,608.989990234375,78548400
2025-06-27,606.6647338867188,614.9099731445312,616.3900146484375,610.8300170898438,612.8800048828125,86258400
2025-06-30,609.5653686523438,617.8499755859375,619.219970703125,615.0399780273438,617.3800048828125,92502500
2025-07-01,609.3681640625,617.6500244140625,618.8300170898438,615.52001953125,616.3599853515625,70030100
2025-07-02,612.1304931640625,620.4500122070312,620.489990234375,616.6099853515625,617.239990234375,66510400
2025-07-03,616.9549560546875,625.3400268554688,626.280029296875,622.4299926757812,622.4500122070312,51065800
2025-07-07,612.3574829101562,620.6799926757812,624.030029296875,617.8699951171875,623.3599853515625,74814500
2025-07-08,612.0220336914062,620.3400268554688,622.1099853515625,619.52001953125,621.3499755859375,59024600
2025-07-09,615.6920776367188,624.0599975585938,624.719970703125,620.9099731445312,622.77001953125,66113300
2025-07-10,617.4285888671875,625.8200073242188,626.8699951171875,623.010009765625,624.2000122070312,57529000
2025-07-11,615.2579956054688,623.6199951171875,624.8599853515625,621.530029296875,622.739990234375,63670200
2025-07-14,616.4320678710938,624.8099975585938,625.1599731445312,621.7999877929688,623.1599731445312,51898500
2025-07-15,613.7979125976562,622.1400146484375,627.8599853515625,622.0599975585938,627.52001953125,74317300
2025-07-16,615.8499755859375,624.219970703125,624.72998046875,618.0499877929688,623.739990234375,88987500
2025-07-17,619.6187133789062,628.0399780273438,628.4000244140625,624.1799926757812,624.4000244140625,68885700
2025-07-18,619.1649780273438,627.5800170898438,629.469970703125,626.4600219726562,629.2999877929688,65621600
2025-07-21,620.3389892578125,628.77001953125,631.5399780273438,628.3400268554688,628.77001953125,63375000
2025-07-22,620.427734375,628.8599853515625,629.72998046875,626.1900024414062,629.0999755859375,60046300
2025-07-23,625.7060546875,634.2100219726562,634.2100219726562,629.72998046875,631.5499877929688,70511000
2025-07-24,625.9132080078125,634.4199829101562,636.1500244140625,633.989990234375,634.5999755859375,71307100
2025-07-25,628.5572509765625,637.0999755859375,637.5800170898438,634.8400268554688,635.0900268554688,56865400
2025-07-28,628.3994140625,636.9400024414062,638.0399780273438,635.5399780273438,637.47998046875,54917100
2025-07-29,626.741943359375,635.260009765625,638.6699829101562,634.3400268554688,638.3499755859375,60556300
2025-07-30,625.9526977539062,634.4600219726562,637.6799926757812,631.5399780273438,635.9199829101562,80418900
2025-07-31,623.6045532226562,632.0800170898438,639.8499755859375,630.77001953125,639.4600219726562,103385200
2025-08-01,613.3834228515625,621.719970703125,626.3400268554688,619.2899780273438,626.2999877929688,140103600
2025-08-04,622.7067260742188,631.1699829101562,631.219970703125,625.5800170898438,625.6699829101562,73218000
2025-08-05,619.5496215820312,627.969970703125,632.6099853515625,627.0399780273438,631.7899780273438,68051400
2025-08-06,624.295166015625,632.780029296875,633.4400024414062,628.1300048828125,629.0499877929688,64357500
2025-08-07,623.7722778320312,632.25,636.97998046875,629.1099853515625,636.239990234375,74205800
2025-08-08,628.63623046875,637.1799926757812,637.6500244140625,633.739990234375,634.0599975585938,64051600
2025-08-11,627.39306640625,635.9199829101562,638.9500122070312,634.6599731445312,637.4600219726562,58742300
2025-08-12,634.0723876953125,642.6900024414062,642.8499755859375,636.7899780273438,638.2899780273438,64730800
2025-08-13,636.2427978515625,644.8900146484375,646.1900024414062,642.6799926757812,644.9099731445312,60092800
2025-08-14,636.3020629882812,644.9500122070312,645.6199951171875,642.3400268554688,642.7899780273438,59327500
2025-08-15,634.8123168945312,643.4400024414062,646.0900268554688,642.52001953125,645.989990234375,68592500
2025-08-18,634.6741333007812,643.2999877929688,644.0,642.1799926757812,642.8599853515625,43804900
2025-08-19,631.23095703125,639.8099975585938,644.1099853515625,638.47998046875,643.1199951171875,69750700
2025-08-20,629.5537109375,638.1099853515625,639.6599731445312,632.9500122070312,639.4000244140625,88890300
2025-08-21,627.028076171875,635.5499877929688,637.969970703125,633.8099975585938,636.280029296875,54805800
2025-08-22,636.6571655273438,645.3099975585938,646.5,637.25,637.760009765625,84083200
2025-08-25,633.8551635742188,642.469970703125,645.2899780273438,642.3499755859375,644.0399780273438,51274300
2025-08-26,636.5092163085938,645.1599731445312,645.510009765625,641.5700073242188,642.2000122070312,51581600
2025-08-27,637.95947265625,646.6300048828125,647.3699951171875,644.4199829101562,644.5700073242188,48341100
2025-08-28,640.21875,648.9199829101562,649.47998046875,645.3400268554688,647.239990234375,61519500
2025-08-29,636.4006958007812,645.0499877929688,647.8400268554688,643.1400146484375,647.469970703125,74522200
2025-09-02,631.6847534179688,640.27001953125,640.489990234375,634.9199829101562,637.5,81983500
2025-09-03,635.1082153320312,643.739990234375,644.2100219726562,640.4600219726562,642.6699829101562,70820900
2025-09-04,640.4160766601562,649.1199951171875,649.1500244140625,643.510009765625,644.4199829101562,65219200
2025-09-05,638.5612182617188,647.239990234375,652.2100219726562,643.3300170898438,651.47998046875,85178900
2025-09-08,640.1300048828125,648.8300170898438,649.8400268554688,647.22998046875,648.6199951171875,63133100
2025-09-09,641.60986328125,650.3300170898438,650.8599853515625,647.219970703125,648.969970703125,66133900
2025-09-10,643.4646606445312,652.2100219726562,654.5499877929688,650.6300048828125,653.6199951171875,78034500
2025-09-11,648.81201171875,657.6300048828125,658.3300170898438,653.5900268554688,654.1799926757812,69934400
2025-09-12,648.5949096679688,657.4099731445312,659.1099853515625,656.9000244140625,657.5999755859375,72780100
2025-09-15,652.0479736328125,660.9099731445312,661.0399780273438,659.3400268554688,659.6400146484375,63772400
2025-09-16,651.1502075195312,660.0,661.780029296875,659.2100219726562,661.469970703125,61169000
2025-09-17,650.3412475585938,659.1799926757812,661.719970703125,654.2999877929688,660.010009765625,101952200
2025-09-18,653.3798828125,662.260009765625,664.8900146484375,660.27001953125,661.8900146484375,90459200
2025-09-19,656.615966796875,663.7000122070312,664.5499877929688,660.3699951171875,662.3300170898438,97945600
2025-09-22,659.7225341796875,666.8400268554688,667.2899780273438,662.1699829101562,662.2000122070312,69452200
2025-09-23,656.1312866210938,663.2100219726562,667.3400268554688,661.97998046875,666.719970703125,81708900
2025-09-24,654.043701171875,661.0999755859375,664.6099853515625,659.6699829101562,664.510009765625,68082200
2025-09-25,651.0263061523438,658.0499877929688,659.4099731445312,654.4099731445312,657.9400024414062,89622100
2025-09-26,654.7560424804688,661.8200073242188,662.3699951171875,657.8800048828125,659.510009765625,69179200
2025-09-29,656.59619140625,663.6799926757812,665.280029296875,661.8599853515625,664.3599853515625,73499000
2025-09-30,659.0695190429688,666.1799926757812,666.6500244140625,661.6099853515625,662.9299926757812,86288000
2025-10-01,661.3153686523438,668.4500122070312,669.3699951171875,663.0599975585938,663.1699829101562,72545400
2025-10-02,662.0770263671875,669.219970703125,670.5700073242188,666.780029296875,670.4500122070312,56896000
2025-10-03,662.0671997070312,669.2100219726562,672.6799926757812,668.1599731445312,669.989990234375,70494400
2025-10-06,664.4415283203125,671.6099853515625,672.510009765625,669.4600219726562,671.6199951171875,54623300
2025-10-07,661.9780883789062,669.1199951171875,672.989990234375,667.6699829101562,672.5399780273438,72020100
2025-10-08,665.925537109375,673.1099853515625,673.2100219726562,669.4199829101562,670.25,60702200
2025-10-09,663.9963989257812,671.1599731445312,673.9400024414062,669.2100219726562,673.530029296875,66501900
2025-10-10,646.050048828125,653.02001953125,673.9500122070312,652.8400268554688,672.1300048828125,159422600
2025-10-13,655.9630126953125,663.0399780273438,665.1300048828125,659.77001953125,660.6500244140625,79560500
2025-10-14,655.1616821289062,662.22998046875,665.8300170898438,653.1699829101562,657.1699829101562,88779600
2025-10-15,658.0703125,665.1699829101562,670.22998046875,658.9299926757812,666.8200073242188,81702600
2025-10-16,653.5887451171875,660.6400146484375,668.7100219726562,657.1099853515625,666.8200073242188,110563300
2025-10-17,657.298583984375,664.3900146484375,665.760009765625,658.1400146484375,659.5,96500900
2025-10-20,664.1348876953125,671.2999877929688,672.2100219726562,667.27001953125,667.3200073242188,60493400
2025-10-21,664.1249389648438,671.2899780273438,672.989990234375,669.97998046875,671.4400024414062,56249000
2025-10-22,660.6722412109375,667.7999877929688,672.0,663.2999877929688,672.0,80564000
2025-10-23,664.5899658203125,671.760009765625,672.7100219726562,667.7999877929688,668.1199951171875,65604500
2025-10-24,670.0213012695312,677.25,678.469970703125,675.6500244140625,676.4600219726562,74356500
2025-10-27,677.926025390625,685.239990234375,685.5399780273438,682.1199951171875,682.72998046875,63339800
2025-10-28,679.7266235351562,687.0599975585938,688.9099731445312,684.8300170898438,687.0499877929688,61738100
2025-10-29,680.0531005859375,687.3900146484375,689.7000122070312,682.8699951171875,688.719970703125,85657100
2025-10-30,672.5739135742188,679.8300170898438,685.9400024414062,679.8300170898438,683.9000244140625,76335800
2025-10-31,674.780029296875,682.0599975585938,685.0800170898438,679.239990234375,685.0399780273438,87164100
2025-11-03,676.0463256835938,683.3400268554688,685.7999877929688,679.9400024414062,685.6699829101562,57315000
2025-11-04,668.0327758789062,675.239990234375,679.9600219726562,674.5800170898438,676.1099853515625,78427000
2025-11-05,670.3478393554688,677.5800170898438,680.8599853515625,674.1699829101562,674.97998046875,74402400
2025-11-06,663.1553955078125,670.3099975585938,677.3800048828125,668.719970703125,676.469970703125,85035300
2025-11-07,663.808349609375,670.969970703125,671.0800170898438,661.2100219726562,667.9099731445312,100592400
2025-11-10,674.1665649414062,681.4400024414062,682.1799926757812,675.030029296875,677.239990234375,75842900
2025-11-11,675.7100219726562,683.0,683.5700073242188,678.72998046875,679.9500122070312,58953400
2025-11-12,676.0859985351562,683.3800048828125,684.9600219726562,680.9500122070312,684.7899780273438,62312500
2025-11-13,664.8670043945312,672.0399780273438,680.8599853515625,670.52001953125,680.5,103457800
2025-11-14,664.7581176757812,671.9299926757812,675.6599731445312,663.27001953125,665.3800048828125,96846700
2025-11-17,658.5648803710938,665.6699829101562,673.7100219726562,662.1699829101562,669.7000122070312,90456100
2025-11-18,653.03466796875,660.0800170898438,665.1199951171875,655.8599853515625,662.0999755859375,114467500
2025-11-19,655.557373046875,662.6300048828125,667.3400268554688,658.75,660.780029296875,94703000
2025-11-20,645.5652465820312,652.530029296875,675.5599975585938,651.8900146484375,672.9099731445312,165293500
2025-11-21,651.995849609375,659.030029296875,664.5499877929688,650.8499755859375,655.0499877929688,123956200
2025-11-24,661.59228515625,668.72998046875,670.0599975585938,661.5900268554688,662.6900024414062,80437900
2025-11-25,667.815185546875,675.02001953125,676.2100219726562,664.47998046875,668.6300048828125,81077100
2025-11-26,672.4254150390625,679.6799926757812,681.7000122070312,676.719970703125,677.6300048828125,71879600
2025-11-28,676.0958251953125,683.3900146484375,683.6699829101562,680.5,680.8599853515625,49212000
2025-12-01,673.0091552734375,680.27001953125,682.989990234375,678.739990234375,678.8099975585938,61201200
2025-12-02,674.2556762695312,681.530029296875,683.8200073242188,679.3300170898438,681.9199829101562,62953800
2025-12-03,676.5905151367188,683.8900146484375,684.9099731445312,679.6900024414062,680.5700073242188,57238500
2025-12-04,677.0851440429688,684.3900146484375,685.3699951171875,681.3400268554688,685.2999877929688,61970300
2025-12-05,678.371337890625,685.6900024414062,688.3900146484375,684.5800170898438,685.469970703125,79241000
2025-12-08,676.3333129882812,683.6300048828125,686.6400146484375,681.5700073242188,686.5900268554688,55231500
2025-12-09,675.7495727539062,683.0399780273438,685.3900146484375,682.5900268554688,683.1500244140625,58310100
2025-12-10,680.2312622070312,687.5700073242188,688.969970703125,681.3099975585938,682.5599975585938,85671300
2025-12-11,681.8140869140625,689.1699829101562,689.25,682.1699829101562,685.1400146484375,86173700
2025-12-12,674.4832153320312,681.760009765625,688.8800048828125,679.1699829101562,688.1699829101562,113160300
2025-12-15,673.4641723632812,680.72998046875,685.760009765625,679.25,685.739990234375,90811000
2025-12-16,671.6240844726562,678.8699951171875,681.0800170898438,674.97998046875,679.22998046875,122030600
2025-12-17,664.2338256835938,671.4000244140625,680.4400024414062,671.2000122070312,679.8900146484375,110625200
2025-12-18,669.2496948242188,676.469970703125,680.739990234375,674.9000244140625,677.5999755859375,108650100
2025-12-19,675.3153686523438,680.5900268554688,681.0900268554688,676.469970703125,676.5900268554688,103599500
2025-12-22,679.5225219726562,684.8300170898438,685.3599853515625,680.5900268554688,683.9400024414062,69556700
2025-12-23,682.6282348632812,687.9600219726562,688.2000122070312,683.8699951171875,683.9199829101562,64840000
2025-12-24,685.0294799804688,690.3800048828125,690.8300170898438,687.7999877929688,687.9500122070312,39445600
2025-12-26,684.9600219726562,690.3099975585938,691.6599731445312,689.27001953125,690.6400146484375,41613300
2025-12-29,682.51904296875,687.8499755859375,689.2000122070312,686.0700073242188,687.5399780273438,62559500
2025-12-30,681.685546875,687.010009765625,688.5599975585938,686.5800170898438,687.4500122070312,47160700
2025-12-31,676.635009765625,681.9199829101562,687.3599853515625,681.7100219726562,687.1400146484375,74144800
2026-01-02,677.8753051757812,683.1699829101562,686.8699951171875,679.8200073242188,685.7100219726562,89377200
2026-01-05,682.3900756835938,687.719970703125,689.4299926757812,686.3800048828125,686.5399780273438,71927200
2026-01-06,686.4484252929688,691.8099975585938,692.3200073242188,687.780029296875,687.9299926757812,69273800
2026-01-07,684.2356567382812,689.5800170898438,693.9600219726562,689.3200073242188,692.1900024414062,75588300
2026-01-08,684.1661987304688,689.510009765625,690.6199951171875,687.489990234375,688.8200073242188,64019200
2026-01-09,688.69091796875,694.0700073242188,695.3099975585938,689.1799926757812,690.6300048828125,80125500
2026-01-12,689.7723999023438,695.1599731445312,696.0900268554688,690.6300048828125,690.6799926757812,63976000
2026-01-13,688.3931884765625,693.77001953125,696.0900268554688,691.3499755859375,695.489990234375,78309700
2026-01-14,685.009521484375,690.3599853515625,691.719970703125,686.0399780273438,691.0,94676700
2026-01-15,686.875,692.239990234375,695.4500122070312,691.25,694.5700073242188,77862000
2026-01-16,686.299560546875,691.6599731445312,694.25,690.0999755859375,693.6599731445312,79289200
2026-01-20,672.3286743164062,677.5800170898438,684.77001953125,676.5700073242188,681.489990234375,111623300
2026-01-21,680.088134765625,685.4000244140625,688.739990234375,678.1300048828125,679.6500244140625,127844500
2026-01-22,683.6402587890625,688.97998046875,691.1300048828125,686.9199829101562,689.8499755859375,77112200
2026-01-23,683.8883056640625,689.22998046875,690.9600219726562,687.1599731445312,688.1500244140625,63059600
2026-01-26,687.3612060546875,692.72998046875,694.1300048828125,689.9199829101562,690.489990234375,60473800
2026-01-27,690.099853515625,695.489990234375,696.530029296875,693.5700073242188,694.1799926757812,55506100
2026-01-28,690.0303955078125,695.4199829101562,697.8400268554688,693.9400024414062,697.0499877929688,61172200
2026-01-29,688.6610717773438,694.0399780273438,697.0599975585938,684.8300170898438,696.3900146484375,97486200
2026-01-30,686.6071166992188,691.969970703125,694.2100219726562,687.1199951171875,691.7899780273438,101835100
2026-02-02,690.0203857421875,695.4099731445312,696.9299926757812,689.4199829101562,689.5800170898438,79286500
2026-02-03,684.18603515625,689.530029296875,696.9600219726562,684.030029296875,696.2100219726562,107904600
2026-02-04,680.8719482421875,686.1900024414062,691.4500122070312,681.760009765625,690.3499755859375,105204600
2026-02-05,672.3682861328125,677.6199951171875,683.6900024414062,675.7899780273438,680.9400024414062,113610800
2026-02-06,685.2676391601562,690.6199951171875,692.3099975585938,680.8499755859375,681.4600219726562,89127600
2026-02-09,688.5718383789062,693.9500122070312,695.8699951171875,688.3400268554688,689.4199829101562,73885200
2026-02-10,686.7559814453125,692.1199951171875,696.5399780273438,691.6599731445312,694.9500122070312,65185700
2026-02-11,686.5972290039062,691.9600219726562,697.1400146484375,689.1799926757812,696.3900146484375,76353900
2026-02-12,675.9900512695312,681.27001953125,695.3499755859375,680.3699951171875,694.239990234375,118829000
2026-02-13,676.4663696289062,681.75,686.280029296875,677.52001953125,681.6900024414062,96267500
2026-02-17,677.5578002929688,682.8499755859375,684.9400024414062,675.780029296875,680.1400146484375,81354700
2026-02-18,680.9711303710938,686.2899780273438,689.1500244140625,682.8300170898438,684.02001953125,73570300
2026-02-19,679.1751098632812,684.47998046875,686.1799926757812,681.5499877929688,683.8400268554688,58649400
2026-02-20,684.0867919921875,689.4299926757812,690.0599975585938,681.72998046875,682.3200073242188,100034000
2026-02-23,677.1013793945312,682.3900146484375,690.0,680.3699951171875,687.8300170898438,90558100
2026-02-24,682.02294921875,687.3499755859375,688.3499755859375,680.0,681.9000244140625,73798700
2026-02-25,687.7779541015625,693.1500244140625,693.6799926757812,690.0999755859375,690.1799926757812,56369500
2026-02-26,683.957763671875,689.2999877929688,693.2999877929688,684.3499755859375,693.280029296875,71671000
2026-02-27,680.6734619140625,685.989990234375,686.8599853515625,681.6400146484375,683.0900268554688,83308900
2026-03-02,681.0604858398438,686.3800048828125,688.6199951171875,678.02001953125,678.7000122070312,87477200
2026-03-03,675.057373046875,680.3300170898438,682.6099853515625,669.6599731445312,675.0599975585938,105003100
2026-03-04,679.8201904296875,685.1300048828125,687.0900268554688,679.6199951171875,681.6300048828125,79182200
2026-03-05,676.0297241210938,681.3099975585938,685.530029296875,675.6099853515625,682.0800170898438,106606500
2026-03-06,667.1690063476562,672.3800048828125,676.1099853515625,669.760009765625,673.4099731445312,100687000
2026-03-09,673.0133056640625,678.27001953125,679.9199829101562,662.3900146484375,666.3900146484375,102667700
2026-03-10,671.9317016601562,677.1799926757812,683.3599853515625,674.760009765625,677.719970703125,81505300
2026-03-11,671.08837890625,676.3300170898438,680.0800170898438,673.3400268554688,677.5800170898438,68441700
2026-03-12,660.89794921875,666.0599975585938,671.6500244140625,665.8699951171875,671.1599731445312,108882200
2026-03-13,657.1571655273438,662.2899780273438,672.3400268554688,661.3599853515625,669.27001953125,97200200
2026-03-16,663.8449096679688,669.030029296875,672.0700073242188,667.1199951171875,668.3800048828125,82023100
2026-03-17,665.5912475585938,670.7899780273438,674.4400024414062,669.7000122070312,672.3900146484375,87128000
2026-03-18,656.3038330078125,661.4299926757812,669.719970703125,661.1900024414062,668.3599853515625,82062600
2026-03-19,654.6864624023438,659.7999877929688,662.97998046875,655.1699829101562,656.969970703125,111272500
2026-03-20,645.3009643554688,648.5700073242188,656.6900024414062,644.719970703125,656.510009765625,163617500
2026-03-23,652.07666015625,655.3800048828125,662.6199951171875,653.9400024414062,658.0700073242188,134802700
2026-03-24,649.8877563476562,653.1799926757812,657.030029296875,649.8800048828125,651.3200073242188,96457500
2026-03-25,653.5094604492188,656.8200073242188,660.8900146484375,654.239990234375,658.6699829101562,90653800
2026-03-26,641.838623046875,645.0900268554688,654.8499755859375,644.8200073242188,652.0599975585938,96494400
2026-03-27,630.89404296875,634.0900268554688,642.6599731445312,633.1099853515625,642.5,103649400
2026-03-30,628.78466796875,631.969970703125,640.3699951171875,629.280029296875,640.1099853515625,99275900
2026-03-31,647.0621337890625,650.3400268554688,651.5399780273438,637.97998046875,638.9400024414062,152534100
2026-04-01,651.9373779296875,655.239990234375,658.52001953125,653.0,653.9000244140625,97841500
2026-04-02,652.5244750976562,655.8300170898438,658.2000122070312,645.1099853515625,646.4199829101562,68358700
2026-04-06,655.6087646484375,658.9299926757812,659.719970703125,655.52001953125,655.8599853515625,39105800
2026-04-07,655.8972778320312,659.219970703125,659.6099853515625,651.0599975585938,656.6500244140625,69980400
2026-04-08,672.6027221679688,676.010009765625,677.0800170898438,671.4600219726562,676.3900146484375,93606100
2026-04-09,676.4830322265625,679.9099731445312,681.1599731445312,673.77001953125,674.8400268554688,57134400
2026-04-10,676.0353393554688,679.4600219726562,682.030029296875,678.4500122070312,681.3200073242188,42253500
2026-04-13,682.6417846679688,686.0999755859375,686.2999877929688,676.5800170898438,677.4099731445312,54185800
2026-04-14,690.959716796875,694.4600219726562,694.5800170898438,687.6599731445312,687.6900024414062,63480500
2026-04-15,696.412109375,699.9400024414062,700.280029296875,694.2000122070312,695.260009765625,58240400
2026-04-16,698.1234130859375,701.6599731445312,702.780029296875,698.530029296875,701.0599975585938,49972400
2026-04-17,706.5607299804688,710.1400146484375,712.3900146484375,705.760009765625,706.1400146484375,70661900
2026-04-20,705.1477661132812,708.719970703125,709.9099731445312,706.1400146484375,708.780029296875,43546800
2026-04-21,700.53125,704.0800170898438,711.280029296875,702.6400146484375,710.280029296875,58941400
2026-04-22,707.6253051757812,711.2100219726562,711.4500122070312,708.219970703125,709.1500244140625,42518500
2026-04-23,704.8792114257812,708.4500122070312,712.3599853515625,702.280029296875,709.5,56174000
2026-04-24,710.3414916992188,713.9400024414062,714.469970703125,709.010009765625,710.75,45182000
2026-04-27,711.5653686523438,715.1699829101562,715.6300048828125,712.2999877929688,713.1699829101562,33135900
2026-04-28,708.1029052734375,711.6900024414062,712.8800048828125,709.25,711.8200073242188,43117400
2026-04-29,707.993408203125,711.5800170898438,712.2000122070312,708.3699951171875,711.0,41859200
2026-04-30,715.0377197265625,718.6599731445312,719.7899780273438,710.4500122070312,714.6300048828125,67240900
2026-05-01,717.0177001953125,720.6500244140625,724.8699951171875,720.469970703125,721.25,43049800
2026-05-04,714.3909912109375,718.010009765625,722.1199951171875,714.989990234375,720.0700073242188,51950600
2026-05-05,720.1220092773438,723.77001953125,725.0399780273438,721.489990234375,721.77001953125,36933200
2026-05-06,730.1312866210938,733.8300170898438,734.5900268554688,727.8200073242188,728.1599731445312,53288900
2026-05-07,727.8926391601562,731.5800170898438,736.1300048828125,729.75,735.0499877929688,51724600
2026-05-08,733.9021606445312,737.6199951171875,738.0800170898438,734.5700073242188,734.9299926757812,47227100
2026-05-11,735.5736694335938,739.2999877929688,740.7899780273438,736.4500122070312,736.4500122070312,44024000
2026-05-12,734.4593505859375,738.1799926757812,738.8400268554688,731.8300170898438,736.8900146484375,54185300
2026-05-13,738.5685424804688,742.3099975585938,743.9099731445312,735.469970703125,738.469970703125,44200200
2026-05-14,744.3989868164062,748.1699829101562,749.530029296875,743.5599975585938,743.6500244140625,45307600
2026-05-15,735.4443969726562,739.1699829101562,743.4600219726562,737.9600219726562,741.7899780273438,60410800
2026-05-18,734.927001953125,738.6500244140625,741.4199829101562,733.3900146484375,739.8300170898438,47843900
2026-05-19,730.03173828125,733.72998046875,737.6500244140625,731.530029296875,734.780029296875,54255900
2026-05-20,737.5138549804688,741.25,741.8699951171875,733.8900146484375,735.7100219726562,45768000
2026-05-21,738.9764404296875,742.719970703125,744.8699951171875,737.030029296875,738.6400146484375,43332200
2026-05-22,741.8817749023438,745.6400146484375,748.9400024414062,744.47998046875,746.239990234375,41762000
2026-05-26,746.8068237304688,750.5900268554688,752.1300048828125,748.3699951171875,750.010009765625,41123600
2026-05-27,746.6774291992188,750.4600219726562,751.3800048828125,748.219970703125,750.8800048828125,42106300
2026-05-28,750.7965698242188,754.5999755859375,755.1500244140625,749.22998046875,750.25,41562600
2026-05-29,752.6671142578125,756.47998046875,758.0800170898438,754.6900024414062,755.9000244140625,55075700
2026-06-01,754.7166748046875,758.5399780273438,760.280029296875,754.6900024414062,755.3599853515625,43634900
2026-06-02,755.7415771484375,759.5700073242188,760.4000244140625,756.75,757.030029296875,31581900
2026-06-03,750.4384155273438,754.239990234375,758.7999877929688,753.5700073242188,758.1500244140625,51402500
2026-06-04,753.2740478515625,757.0900268554688,758.3099975585938,751.469970703125,752.0999755859375,49923000
2026-06-05,733.83251953125,737.5499877929688,752.8200073242188,735.530029296875,752.3099975585938,93989400
2026-06-08,735.4940795898438,739.219970703125,745.3400268554688,738.1900024414062,743.3599853515625,49319100
2026-06-09,733.3350830078125,737.0499877929688,746.9000244140625,722.5900268554688,743.6300048828125,87683500
2026-06-10,721.7736206054688,725.4299926757812,738.3800048828125,725.3300170898438,733.3900146484375,60341300
2026-06-11,734.04150390625,737.760009765625,740.0,724.4099731445312,728.760009765625,86330500
2026-06-12,738.0113525390625,741.75,744.4400024414062,735.030029296875,740.7100219726562,57079500
2026-06-15,751.0254516601562,754.8300170898438,756.6799926757812,751.760009765625,751.8499755859375,60176400
2026-06-16,746.5481567382812,750.3300170898438,755.4400024414062,749.8800048828125,754.5499877929688,67093100
2026-06-17,737.225341796875,740.9600219726562,752.1500244140625,739.219970703125,751.2899780273438,85945200
2026-06-18,744.8902587890625,746.739990234375,748.22998046875,743.8599853515625,747.760009765625,80875700
2026-06-22,742.546142578125,744.3900146484375,750.1799926757812,743.1300048828125,747.7000122070312,46628100
2026-06-23,731.7628784179688,733.5800170898438,739.6300048828125,732.2999877929688,733.8099975585938,66846800
2026-06-24,731.4237060546875,733.239990234375,739.9500122070312,730.8400268554688,735.1699829101562,57439500
2026-06-25,732.4810791015625,734.2999877929688,739.3699951171875,729.5999755859375,738.9099731445312,53934400
2026-06-26,727.1842651367188,728.989990234375,736.530029296875,716.5800170898438,728.9500122070312,71034000
2026-06-29,739.1644897460938,741.0,741.5599975585938,732.0900268554688,736.530029296875,58035200
2026-06-30,744.9202270507812,746.77001953125,748.02001953125,740.8900146484375,741.2899780273438,55626000
2026-07-01,743.9127197265625,745.760009765625,749.4400024414062,742.3800048828125,745.0,47100900
2026-07-02,742.9351806640625,744.780029296875,751.3099975585938,740.030029296875,747.4000244140625,57447800
2026-07-06,749.4190673828125,751.280029296875,752.4099731445312,747.4099731445312,748.739990234375,50673300
2026-07-07,745.85791015625,747.7100219726562,750.9600219726562,745.2100219726562,750.219970703125,43721500
2026-07-08,743.5536499023438,745.4000244140625,746.1500244140625,739.510009765625,743.1599731445312,43767400
2026-07-09,749.8480224609375,751.7100219726562,751.969970703125,745.5900268554688,747.3499755859375,41441700
2026-07-10,753.0799560546875,754.9500122070312,755.4199829101562,748.0999755859375,752.0499877929688,42191300
2026-07-13,747.3142700195312,749.1699829101562,753.9099731445312,748.0,752.469970703125,44013600
2026-07-14,749.9677124023438,751.8300170898438,753.3400268554688,748.6599731445312,750.9099731445312,35143100
2026-07-15,752.9403076171875,754.8099975585938,755.5800170898438,750.2000122070312,754.239990234375,43844800
2026-07-16,748.8604125976562,750.719970703125,754.5700073242188,747.8800048828125,752.760009765625,46409800
2026-07-17,741.4487915039062,743.2899780273438,747.2899780273438,740.7999877929688,742.0800170898438,62651000
2026-07-20,740.2518310546875,742.0900268554688,748.72998046875,741.510009765625,747.0599975585938,50422300
2026-07-21,746.426513671875,748.280029296875,749.0399780273438,744.1799926757812,746.2899780273438,34324300
2026-07-22,745.55859375,747.4099731445312,750.02001953125,746.3699951171875,746.6199951171875,32836200
2026-07-23,736.3515014648438,738.1799926757812,742.5599975585938,735.2100219726562,739.3699951171875,55437300
2026-07-24,737.099609375,738.9299926757812,743.719970703125,737.2899780273438,738.510009765625,44782000
2026-07-27,737.25927734375,739.0900268554688,745.530029296875,735.8699951171875,744.9099731445312,41461200
2026-07-28,739.0248413085938,740.8599853515625,742.7899780273438,735.97998046875,739.1900024414062,47322200
2026-07-29,727.6531372070312,729.4600219726562,742.6799926757812,729.0999755859375,739.969970703125,70697200
2026-07-30,739.852783203125,741.6900024414062,742.4500122070312,734.5900268554688,736.0499877929688,66811300
